[0.000000] (-) TimerEvent: {}
[0.000519] (launch_pkg) JobQueued: {'identifier': 'launch_pkg', 'dependencies': OrderedDict()}
[0.000593] (msgs_pkg) JobQueued: {'identifier': 'msgs_pkg', 'dependencies': OrderedDict()}
[0.000644] (pick_and_place_pkg) JobQueued: {'identifier': 'pick_and_place_pkg', 'dependencies': OrderedDict()}
[0.000693] (realsense2_camera_msgs) JobQueued: {'identifier': 'realsense2_camera_msgs', 'dependencies': OrderedDict()}
[0.000742] (serial_pkg) JobQueued: {'identifier': 'serial_pkg', 'dependencies': OrderedDict()}
[0.000790] (realsense2_camera) JobQueued: {'identifier': 'realsense2_camera', 'dependencies': OrderedDict([('realsense2_camera_msgs', '/home/user/robocup_ws/install/realsense2_camera_msgs')])}
[0.000843] (realsense2_description) JobQueued: {'identifier': 'realsense2_description', 'dependencies': OrderedDict([('realsense2_camera_msgs', '/home/user/robocup_ws/install/realsense2_camera_msgs')])}
[0.000893] (realsense2_camera_msgs) JobStarted: {'identifier': 'realsense2_camera_msgs'}
[0.010532] (launch_pkg) JobStarted: {'identifier': 'launch_pkg'}
[0.021081] (msgs_pkg) JobStarted: {'identifier': 'msgs_pkg'}
[0.027866] (pick_and_place_pkg) JobStarted: {'identifier': 'pick_and_place_pkg'}
[0.039327] (realsense2_camera_msgs) JobProgress: {'identifier': 'realsense2_camera_msgs', 'progress': 'cmake'}
[0.040171] (realsense2_camera_msgs) Command: {'cmd': ['/usr/bin/cmake', '/home/user/robocup_ws/src/realsense-ros/realsense2_camera_msgs', '-DAMENT_CMAKE_SYMLINK_INSTALL=1', '-DCMAKE_INSTALL_PREFIX=/home/user/robocup_ws/install/realsense2_camera_msgs'], 'cwd': '/home/user/robocup_ws/build/realsense2_camera_msgs', 'env': OrderedDict([('LESSOPEN', '| /usr/bin/lesspipe %s'), ('USER', 'user'), ('LC_TIME', 'ko_KR.UTF-8'), ('XDG_SESSION_TYPE', 'wayland'), ('SHLVL', '1'), ('LD_LIBRARY_PATH', '/opt/ros/humble/opt/rviz_ogre_vendor/lib:/opt/ros/humble/lib/x86_64-linux-gnu:/opt/ros/humble/lib::/usr/lib/x86_64-linux-gnu/gazebo-11/plugins::/usr/lib/x86_64-linux-gnu/gazebo-11/plugins:/usr/lib/x86_64-linux-gnu/gazebo-11/plugins:'), ('HOME', '/home/user'), ('OLDPWD', '/home/user/robocup_ws/src'), ('DESKTOP_SESSION', 'ubuntu'), ('GAZEBO_MASTER_URI', 'http://localhost:11345'), ('ROS_PYTHON_VERSION', '3'), ('GNOME_SHELL_SESSION_MODE', 'ubuntu'), ('GTK_MODULES', 'gail:atk-bridge'), ('LC_MONETARY', 'ko_KR.UTF-8'), ('MANAGERPID', '914'), ('SYSTEMD_EXEC_PID', '1382'), ('DBUS_SESSION_BUS_ADDRESS', 'unix:path=/run/user/1000/bus'), ('COLORTERM', 'truecolor'), ('TERMINATOR_DBUS_NAME', 'net.tenshu.Terminator25ef4b219e3b005583550f2b0f9f990c3'), ('GIO_LAUNCHED_DESKTOP_FILE_PID', '50397'), ('IM_CONFIG_PHASE', '1'), ('WAYLAND_DISPLAY', 'wayland-0'), ('ROS_DISTRO', 'humble'), ('LOGNAME', 'user'), ('JOURNAL_STREAM', '8:12562'), ('_', '/usr/bin/colcon'), ('ROS_VERSION', '2'), ('XDG_SESSION_CLASS', 'user'), ('USERNAME', 'user'), ('TERM', 'xterm-256color'), ('GAZEBO_MODEL_PATH', '/usr/share/gazebo-11/models:/usr/share/gazebo-11/models:'), ('GNOME_DESKTOP_SESSION_ID', 'this-is-deprecated'), ('ROS_LOCALHOST_ONLY', '0'), ('OGRE_RESOURCE_PATH', '/usr/lib/x86_64-linux-gnu/OGRE-1.9.0'), ('PATH', '/opt/ros/humble/bin:/home/user/.local/bin:/usr/local/sbin:/usr/local/bin:/usr/sbin:/usr/bin:/sbin:/bin:/usr/games:/usr/local/games:/snap/bin:/snap/bin'), ('SESSION_MANAGER', 'local/user-15Z970-GA3HK:@/tmp/.ICE-unix/1044,unix/user-15Z970-GA3HK:/tmp/.ICE-unix/1044'), ('INVOCATION_ID', 'f2801b7b6e2f4da9938183836f083396'), ('XDG_MENU_PREFIX', 'gnome-'), ('LC_ADDRESS', 'ko_KR.UTF-8'), ('GNOME_SETUP_DISPLAY', ':1'), ('XDG_RUNTIME_DIR', '/run/user/1000'), ('DISPLAY', ':0'), ('TERMINATOR_DBUS_PATH', '/net/tenshu/Terminator2'), ('LANG', 'en_US.UTF-8'), ('XDG_CURRENT_DESKTOP', 'ubuntu:GNOME'), ('IBUS_DISABLE_SNOOPER', '1'), ('LC_TELEPHONE', 'ko_KR.UTF-8'), ('XMODIFIERS', '@im=ibus'), ('XDG_SESSION_DESKTOP', 'ubuntu'), ('XAUTHORITY', '/run/user/1000/.mutter-Xwaylandauth.5U12J3'), ('LS_COLORS', 'rs=0:di=01;34:ln=01;36:mh=00:pi=40;33:so=01;35:do=01;35:bd=40;33;01:cd=40;33;01:or=40;31;01:mi=00:su=37;41:sg=30;43:ca=30;41:tw=30;42:ow=34;42:st=37;44:ex=01;32:*.tar=01;31:*.tgz=01;31:*.arc=01;31:*.arj=01;31:*.taz=01;31:*.lha=01;31:*.lz4=01;31:*.lzh=01;31:*.lzma=01;31:*.tlz=01;31:*.txz=01;31:*.tzo=01;31:*.t7z=01;31:*.zip=01;31:*.z=01;31:*.dz=01;31:*.gz=01;31:*.lrz=01;31:*.lz=01;31:*.lzo=01;31:*.xz=01;31:*.zst=01;31:*.tzst=01;31:*.bz2=01;31:*.bz=01;31:*.tbz=01;31:*.tbz2=01;31:*.tz=01;31:*.deb=01;31:*.rpm=01;31:*.jar=01;31:*.war=01;31:*.ear=01;31:*.sar=01;31:*.rar=01;31:*.alz=01;31:*.ace=01;31:*.zoo=01;31:*.cpio=01;31:*.7z=01;31:*.rz=01;31:*.cab=01;31:*.wim=01;31:*.swm=01;31:*.dwm=01;31:*.esd=01;31:*.jpg=01;35:*.jpeg=01;35:*.mjpg=01;35:*.mjpeg=01;35:*.gif=01;35:*.bmp=01;35:*.pbm=01;35:*.pgm=01;35:*.ppm=01;35:*.tga=01;35:*.xbm=01;35:*.xpm=01;35:*.tif=01;35:*.tiff=01;35:*.png=01;35:*.svg=01;35:*.svgz=01;35:*.mng=01;35:*.pcx=01;35:*.mov=01;35:*.mpg=01;35:*.mpeg=01;35:*.m2v=01;35:*.mkv=01;35:*.webm=01;35:*.webp=01;35:*.ogm=01;35:*.mp4=01;35:*.m4v=01;35:*.mp4v=01;35:*.vob=01;35:*.qt=01;35:*.nuv=01;35:*.wmv=01;35:*.asf=01;35:*.rm=01;35:*.rmvb=01;35:*.flc=01;35:*.avi=01;35:*.fli=01;35:*.flv=01;35:*.gl=01;35:*.dl=01;35:*.xcf=01;35:*.xwd=01;35:*.yuv=01;35:*.cgm=01;35:*.emf=01;35:*.ogv=01;35:*.ogx=01;35:*.aac=00;36:*.au=00;36:*.flac=00;36:*.m4a=00;36:*.mid=00;36:*.midi=00;36:*.mka=00;36:*.mp3=00;36:*.mpc=00;36:*.ogg=00;36:*.ra=00;36:*.wav=00;36:*.oga=00;36:*.opus=00;36:*.spx=00;36:*.xspf=00;36:'), ('SSH_AGENT_LAUNCHER', 'gnome-keyring'), ('SSH_AUTH_SOCK', '/run/user/1000/keyring/ssh'), ('ROS_DOMAIN_ID', '35'), ('AMENT_PREFIX_PATH', '/opt/ros/humble'), ('SHELL', '/bin/bash'), ('LC_NAME', 'ko_KR.UTF-8'), ('TERMINATOR_UUID', 'urn:uuid:87b7c693-7af3-489e-af03-8fb9beab4f2f'), ('QT_ACCESSIBILITY', '1'), ('GDMSESSION', 'ubuntu'), ('LESSCLOSE', '/usr/bin/lesspipe %s %s'), ('LC_MEASUREMENT', 'ko_KR.UTF-8'), ('GAZEBO_RESOURCE_PATH', '/usr/share/gazebo-11:/usr/share/gazebo-11:'), ('LC_IDENTIFICATION', 'ko_KR.UTF-8'), ('GAZEBO_MODEL_DATABASE_URI', 'http://models.gazebosim.org'), ('QT_IM_MODULE', 'ibus'), ('PWD', '/home/user/robocup_ws/build/realsense2_camera_msgs'), ('LC_ALL', 'en_US.UTF-8'), ('XDG_CONFIG_DIRS', '/etc/xdg/xdg-ubuntu:/etc/xdg'), ('GAZEBO_PLUGIN_PATH', '/usr/lib/x86_64-linux-gnu/gazebo-11/plugins:/usr/lib/x86_64-linux-gnu/gazebo-11/plugins:'), ('XDG_DATA_DIRS', '/usr/share/ubuntu:/usr/local/share/:/usr/share/:/var/lib/snapd/desktop'), ('PYTHONPATH', '/opt/ros/humble/lib/python3.10/site-packages:/opt/ros/humble/local/lib/python3.10/dist-packages'), ('LC_NUMERIC', 'ko_KR.UTF-8'), ('LC_PAPER', 'ko_KR.UTF-8'), ('COLCON', '1'), ('VTE_VERSION', '6800'), ('CMAKE_PREFIX_PATH', '/opt/ros/humble')]), 'shell': False}
[0.098847] (-) TimerEvent: {}
[0.199234] (-) TimerEvent: {}
[0.299632] (-) TimerEvent: {}
[0.401286] (-) TimerEvent: {}
[0.501788] (-) TimerEvent: {}
[0.602244] (-) TimerEvent: {}
[0.661078] (msgs_pkg) JobProgress: {'identifier': 'msgs_pkg', 'progress': 'cmake'}
[0.661988] (msgs_pkg) Command: {'cmd': ['/usr/bin/cmake', '/home/user/robocup_ws/src/msgs_pkg', '-DAMENT_CMAKE_SYMLINK_INSTALL=1', '-DCMAKE_INSTALL_PREFIX=/home/user/robocup_ws/install/msgs_pkg'], 'cwd': '/home/user/robocup_ws/build/msgs_pkg', 'env': OrderedDict([('LESSOPEN', '| /usr/bin/lesspipe %s'), ('USER', 'user'), ('LC_TIME', 'ko_KR.UTF-8'), ('XDG_SESSION_TYPE', 'wayland'), ('SHLVL', '1'), ('LD_LIBRARY_PATH', '/opt/ros/humble/opt/rviz_ogre_vendor/lib:/opt/ros/humble/lib/x86_64-linux-gnu:/opt/ros/humble/lib::/usr/lib/x86_64-linux-gnu/gazebo-11/plugins::/usr/lib/x86_64-linux-gnu/gazebo-11/plugins:/usr/lib/x86_64-linux-gnu/gazebo-11/plugins:'), ('HOME', '/home/user'), ('OLDPWD', '/home/user/robocup_ws/src'), ('DESKTOP_SESSION', 'ubuntu'), ('GAZEBO_MASTER_URI', 'http://localhost:11345'), ('ROS_PYTHON_VERSION', '3'), ('GNOME_SHELL_SESSION_MODE', 'ubuntu'), ('GTK_MODULES', 'gail:atk-bridge'), ('LC_MONETARY', 'ko_KR.UTF-8'), ('MANAGERPID', '914'), ('SYSTEMD_EXEC_PID', '1382'), ('DBUS_SESSION_BUS_ADDRESS', 'unix:path=/run/user/1000/bus'), ('COLORTERM', 'truecolor'), ('TERMINATOR_DBUS_NAME', 'net.tenshu.Terminator25ef4b219e3b005583550f2b0f9f990c3'), ('GIO_LAUNCHED_DESKTOP_FILE_PID', '50397'), ('IM_CONFIG_PHASE', '1'), ('WAYLAND_DISPLAY', 'wayland-0'), ('ROS_DISTRO', 'humble'), ('LOGNAME', 'user'), ('JOURNAL_STREAM', '8:12562'), ('_', '/usr/bin/colcon'), ('ROS_VERSION', '2'), ('XDG_SESSION_CLASS', 'user'), ('USERNAME', 'user'), ('TERM', 'xterm-256color'), ('GAZEBO_MODEL_PATH', '/usr/share/gazebo-11/models:/usr/share/gazebo-11/models:'), ('GNOME_DESKTOP_SESSION_ID', 'this-is-deprecated'), ('ROS_LOCALHOST_ONLY', '0'), ('OGRE_RESOURCE_PATH', '/usr/lib/x86_64-linux-gnu/OGRE-1.9.0'), ('PATH', '/opt/ros/humble/bin:/home/user/.local/bin:/usr/local/sbin:/usr/local/bin:/usr/sbin:/usr/bin:/sbin:/bin:/usr/games:/usr/local/games:/snap/bin:/snap/bin'), ('SESSION_MANAGER', 'local/user-15Z970-GA3HK:@/tmp/.ICE-unix/1044,unix/user-15Z970-GA3HK:/tmp/.ICE-unix/1044'), ('INVOCATION_ID', 'f2801b7b6e2f4da9938183836f083396'), ('XDG_MENU_PREFIX', 'gnome-'), ('LC_ADDRESS', 'ko_KR.UTF-8'), ('GNOME_SETUP_DISPLAY', ':1'), ('XDG_RUNTIME_DIR', '/run/user/1000'), ('DISPLAY', ':0'), ('TERMINATOR_DBUS_PATH', '/net/tenshu/Terminator2'), ('LANG', 'en_US.UTF-8'), ('XDG_CURRENT_DESKTOP', 'ubuntu:GNOME'), ('IBUS_DISABLE_SNOOPER', '1'), ('LC_TELEPHONE', 'ko_KR.UTF-8'), ('XMODIFIERS', '@im=ibus'), ('XDG_SESSION_DESKTOP', 'ubuntu'), ('XAUTHORITY', '/run/user/1000/.mutter-Xwaylandauth.5U12J3'), ('LS_COLORS', 'rs=0:di=01;34:ln=01;36:mh=00:pi=40;33:so=01;35:do=01;35:bd=40;33;01:cd=40;33;01:or=40;31;01:mi=00:su=37;41:sg=30;43:ca=30;41:tw=30;42:ow=34;42:st=37;44:ex=01;32:*.tar=01;31:*.tgz=01;31:*.arc=01;31:*.arj=01;31:*.taz=01;31:*.lha=01;31:*.lz4=01;31:*.lzh=01;31:*.lzma=01;31:*.tlz=01;31:*.txz=01;31:*.tzo=01;31:*.t7z=01;31:*.zip=01;31:*.z=01;31:*.dz=01;31:*.gz=01;31:*.lrz=01;31:*.lz=01;31:*.lzo=01;31:*.xz=01;31:*.zst=01;31:*.tzst=01;31:*.bz2=01;31:*.bz=01;31:*.tbz=01;31:*.tbz2=01;31:*.tz=01;31:*.deb=01;31:*.rpm=01;31:*.jar=01;31:*.war=01;31:*.ear=01;31:*.sar=01;31:*.rar=01;31:*.alz=01;31:*.ace=01;31:*.zoo=01;31:*.cpio=01;31:*.7z=01;31:*.rz=01;31:*.cab=01;31:*.wim=01;31:*.swm=01;31:*.dwm=01;31:*.esd=01;31:*.jpg=01;35:*.jpeg=01;35:*.mjpg=01;35:*.mjpeg=01;35:*.gif=01;35:*.bmp=01;35:*.pbm=01;35:*.pgm=01;35:*.ppm=01;35:*.tga=01;35:*.xbm=01;35:*.xpm=01;35:*.tif=01;35:*.tiff=01;35:*.png=01;35:*.svg=01;35:*.svgz=01;35:*.mng=01;35:*.pcx=01;35:*.mov=01;35:*.mpg=01;35:*.mpeg=01;35:*.m2v=01;35:*.mkv=01;35:*.webm=01;35:*.webp=01;35:*.ogm=01;35:*.mp4=01;35:*.m4v=01;35:*.mp4v=01;35:*.vob=01;35:*.qt=01;35:*.nuv=01;35:*.wmv=01;35:*.asf=01;35:*.rm=01;35:*.rmvb=01;35:*.flc=01;35:*.avi=01;35:*.fli=01;35:*.flv=01;35:*.gl=01;35:*.dl=01;35:*.xcf=01;35:*.xwd=01;35:*.yuv=01;35:*.cgm=01;35:*.emf=01;35:*.ogv=01;35:*.ogx=01;35:*.aac=00;36:*.au=00;36:*.flac=00;36:*.m4a=00;36:*.mid=00;36:*.midi=00;36:*.mka=00;36:*.mp3=00;36:*.mpc=00;36:*.ogg=00;36:*.ra=00;36:*.wav=00;36:*.oga=00;36:*.opus=00;36:*.spx=00;36:*.xspf=00;36:'), ('SSH_AGENT_LAUNCHER', 'gnome-keyring'), ('SSH_AUTH_SOCK', '/run/user/1000/keyring/ssh'), ('ROS_DOMAIN_ID', '35'), ('AMENT_PREFIX_PATH', '/opt/ros/humble'), ('SHELL', '/bin/bash'), ('LC_NAME', 'ko_KR.UTF-8'), ('TERMINATOR_UUID', 'urn:uuid:87b7c693-7af3-489e-af03-8fb9beab4f2f'), ('QT_ACCESSIBILITY', '1'), ('GDMSESSION', 'ubuntu'), ('LESSCLOSE', '/usr/bin/lesspipe %s %s'), ('LC_MEASUREMENT', 'ko_KR.UTF-8'), ('GAZEBO_RESOURCE_PATH', '/usr/share/gazebo-11:/usr/share/gazebo-11:'), ('LC_IDENTIFICATION', 'ko_KR.UTF-8'), ('GAZEBO_MODEL_DATABASE_URI', 'http://models.gazebosim.org'), ('QT_IM_MODULE', 'ibus'), ('PWD', '/home/user/robocup_ws/build/msgs_pkg'), ('LC_ALL', 'en_US.UTF-8'), ('XDG_CONFIG_DIRS', '/etc/xdg/xdg-ubuntu:/etc/xdg'), ('GAZEBO_PLUGIN_PATH', '/usr/lib/x86_64-linux-gnu/gazebo-11/plugins:/usr/lib/x86_64-linux-gnu/gazebo-11/plugins:'), ('XDG_DATA_DIRS', '/usr/share/ubuntu:/usr/local/share/:/usr/share/:/var/lib/snapd/desktop'), ('PYTHONPATH', '/opt/ros/humble/lib/python3.10/site-packages:/opt/ros/humble/local/lib/python3.10/dist-packages'), ('LC_NUMERIC', 'ko_KR.UTF-8'), ('LC_PAPER', 'ko_KR.UTF-8'), ('COLCON', '1'), ('VTE_VERSION', '6800'), ('CMAKE_PREFIX_PATH', '/opt/ros/humble')]), 'shell': False}
[0.670471] (realsense2_camera_msgs) StdoutLine: {'line': b'-- The C compiler identification is GNU 11.4.0\n'}
[0.670735] (realsense2_camera_msgs) StdoutLine: {'line': b'-- The CXX compiler identification is GNU 11.4.0\n'}
[0.670919] (realsense2_camera_msgs) StdoutLine: {'line': b'-- Detecting C compiler ABI info\n'}
[0.671085] (realsense2_camera_msgs) StdoutLine: {'line': b'-- Detecting C compiler ABI info - done\n'}
[0.671256] (realsense2_camera_msgs) StdoutLine: {'line': b'-- Check for working C compiler: /usr/bin/cc - skipped\n'}
[0.671425] (realsense2_camera_msgs) StdoutLine: {'line': b'-- Detecting C compile features\n'}
[0.671584] (realsense2_camera_msgs) StdoutLine: {'line': b'-- Detecting C compile features - done\n'}
[0.671738] (realsense2_camera_msgs) StdoutLine: {'line': b'-- Detecting CXX compiler ABI info\n'}
[0.671890] (realsense2_camera_msgs) StdoutLine: {'line': b'-- Detecting CXX compiler ABI info - done\n'}
[0.672051] (realsense2_camera_msgs) StdoutLine: {'line': b'-- Check for working CXX compiler: /usr/bin/c++ - skipped\n'}
[0.672214] (realsense2_camera_msgs) StdoutLine: {'line': b'-- Detecting CXX compile features\n'}
[0.672392] (realsense2_camera_msgs) StdoutLine: {'line': b'-- Detecting CXX compile features - done\n'}
[0.672550] (realsense2_camera_msgs) StdoutLine: {'line': b'-- Found ament_cmake: 1.3.12 (/opt/ros/humble/share/ament_cmake/cmake)\n'}
[0.702354] (-) TimerEvent: {}
[0.756969] (msgs_pkg) StdoutLine: {'line': b'-- The C compiler identification is GNU 11.4.0\n'}
[0.802466] (-) TimerEvent: {}
[0.850544] (msgs_pkg) StdoutLine: {'line': b'-- The CXX compiler identification is GNU 11.4.0\n'}
[0.861634] (msgs_pkg) StdoutLine: {'line': b'-- Detecting C compiler ABI info\n'}
[0.900707] (realsense2_camera_msgs) StdoutLine: {'line': b'-- Found Python3: /usr/bin/python3 (found version "3.10.12") found components: Interpreter \n'}
[0.904255] (-) TimerEvent: {}
[0.978056] (msgs_pkg) StdoutLine: {'line': b'-- Detecting C compiler ABI info - done\n'}
[0.990061] (msgs_pkg) StdoutLine: {'line': b'-- Check for working C compiler: /usr/bin/cc - skipped\n'}
[0.990547] (msgs_pkg) StdoutLine: {'line': b'-- Detecting C compile features\n'}
[0.991244] (msgs_pkg) StdoutLine: {'line': b'-- Detecting C compile features - done\n'}
[0.996017] (msgs_pkg) StdoutLine: {'line': b'-- Detecting CXX compiler ABI info\n'}
[1.004369] (-) TimerEvent: {}
[1.057378] (realsense2_camera_msgs) StdoutLine: {'line': b'-- Override CMake install command with custom implementation using symlinks instead of copying resources\n'}
[1.105805] (-) TimerEvent: {}
[1.122626] (realsense2_camera_msgs) StdoutLine: {'line': b'-- Found rosidl_default_generators: 1.2.0 (/opt/ros/humble/share/rosidl_default_generators/cmake)\n'}
[1.128579] (realsense2_camera_msgs) StdoutLine: {'line': b'-- Using all available rosidl_typesupport_c: rosidl_typesupport_fastrtps_c;rosidl_typesupport_introspection_c\n'}
[1.143932] (realsense2_camera_msgs) StdoutLine: {'line': b'-- Found rosidl_adapter: 3.1.8 (/opt/ros/humble/share/rosidl_adapter/cmake)\n'}
[1.154057] (msgs_pkg) StdoutLine: {'line': b'-- Detecting CXX compiler ABI info - done\n'}
[1.178322] (msgs_pkg) StdoutLine: {'line': b'-- Check for working CXX compiler: /usr/bin/c++ - skipped\n'}
[1.178888] (msgs_pkg) StdoutLine: {'line': b'-- Detecting CXX compile features\n'}
[1.180043] (msgs_pkg) StdoutLine: {'line': b'-- Detecting CXX compile features - done\n'}
[1.186088] (msgs_pkg) StdoutLine: {'line': b'-- Found ament_cmake: 1.3.12 (/opt/ros/humble/share/ament_cmake/cmake)\n'}
[1.206305] (-) TimerEvent: {}
[1.223980] (realsense2_camera_msgs) StdoutLine: {'line': b'-- Using all available rosidl_typesupport_cpp: rosidl_typesupport_fastrtps_cpp;rosidl_typesupport_introspection_cpp\n'}
[1.290491] (realsense2_camera_msgs) StdoutLine: {'line': b'-- Found builtin_interfaces: 1.2.2 (/opt/ros/humble/share/builtin_interfaces/cmake)\n'}
[1.306410] (-) TimerEvent: {}
[1.317114] (realsense2_camera_msgs) StdoutLine: {'line': b'-- Found std_msgs: 4.9.0 (/opt/ros/humble/share/std_msgs/cmake)\n'}
[1.341393] (realsense2_camera_msgs) StdoutLine: {'line': b'-- Found sensor_msgs: 4.9.0 (/opt/ros/humble/share/sensor_msgs/cmake)\n'}
[1.406531] (-) TimerEvent: {}
[1.509267] (-) TimerEvent: {}
[1.540351] (msgs_pkg) StdoutLine: {'line': b'-- Found Python3: /usr/bin/python3 (found version "3.10.12") found components: Interpreter \n'}
[1.609379] (-) TimerEvent: {}
[1.694264] (msgs_pkg) StdoutLine: {'line': b'-- Override CMake install command with custom implementation using symlinks instead of copying resources\n'}
[1.709495] (-) TimerEvent: {}
[1.773104] (msgs_pkg) StdoutLine: {'line': b'-- Found rosidl_default_generators: 1.2.0 (/opt/ros/humble/share/rosidl_default_generators/cmake)\n'}
[1.781263] (msgs_pkg) StdoutLine: {'line': b'-- Using all available rosidl_typesupport_c: rosidl_typesupport_fastrtps_c;rosidl_typesupport_introspection_c\n'}
[1.803267] (msgs_pkg) StdoutLine: {'line': b'-- Found rosidl_adapter: 3.1.8 (/opt/ros/humble/share/rosidl_adapter/cmake)\n'}
[1.809608] (-) TimerEvent: {}
[1.910191] (-) TimerEvent: {}
[1.922266] (msgs_pkg) StdoutLine: {'line': b'-- Using all available rosidl_typesupport_cpp: rosidl_typesupport_fastrtps_cpp;rosidl_typesupport_introspection_cpp\n'}
[2.010265] (-) TimerEvent: {}
[2.110673] (-) TimerEvent: {}
[2.211080] (-) TimerEvent: {}
[2.311510] (-) TimerEvent: {}
[2.412423] (-) TimerEvent: {}
[2.432353] (realsense2_camera_msgs) StdoutLine: {'line': b'-- Found ament_cmake_cppcheck: 0.12.14 (/opt/ros/humble/share/ament_cmake_cppcheck/cmake)\n'}
[2.439235] (realsense2_camera_msgs) StdoutLine: {'line': b'-- Found ament_cmake_cpplint: 0.12.14 (/opt/ros/humble/share/ament_cmake_cpplint/cmake)\n'}
[2.445169] (realsense2_camera_msgs) StdoutLine: {'line': b'-- Found ament_cmake_uncrustify: 0.12.14 (/opt/ros/humble/share/ament_cmake_uncrustify/cmake)\n'}
[2.455122] (realsense2_camera_msgs) StdoutLine: {'line': b'-- Found ament_cmake_ros: 0.10.0 (/opt/ros/humble/share/ament_cmake_ros/cmake)\n'}
[2.513280] (-) TimerEvent: {}
[2.595285] (pick_and_place_pkg) Command: {'cmd': ['/usr/bin/python3', '-W', 'ignore:setup.py install is deprecated', '-W', 'ignore:easy_install command is deprecated', 'setup.py', 'develop', '--editable', '--build-directory', '/home/user/robocup_ws/build/pick_and_place_pkg/build', '--no-deps', 'symlink_data'], 'cwd': '/home/user/robocup_ws/build/pick_and_place_pkg', 'env': {'LESSOPEN': '| /usr/bin/lesspipe %s', 'USER': 'user', 'LC_TIME': 'ko_KR.UTF-8', 'XDG_SESSION_TYPE': 'wayland', 'SHLVL': '1', 'LD_LIBRARY_PATH': '/opt/ros/humble/opt/rviz_ogre_vendor/lib:/opt/ros/humble/lib/x86_64-linux-gnu:/opt/ros/humble/lib::/usr/lib/x86_64-linux-gnu/gazebo-11/plugins::/usr/lib/x86_64-linux-gnu/gazebo-11/plugins:/usr/lib/x86_64-linux-gnu/gazebo-11/plugins:', 'HOME': '/home/user', 'OLDPWD': '/home/user/robocup_ws/src', 'DESKTOP_SESSION': 'ubuntu', 'GAZEBO_MASTER_URI': 'http://localhost:11345', 'ROS_PYTHON_VERSION': '3', 'GNOME_SHELL_SESSION_MODE': 'ubuntu', 'GTK_MODULES': 'gail:atk-bridge', 'LC_MONETARY': 'ko_KR.UTF-8', 'MANAGERPID': '914', 'SYSTEMD_EXEC_PID': '1382', 'DBUS_SESSION_BUS_ADDRESS': 'unix:path=/run/user/1000/bus', 'COLORTERM': 'truecolor', 'TERMINATOR_DBUS_NAME': 'net.tenshu.Terminator25ef4b219e3b005583550f2b0f9f990c3', 'GIO_LAUNCHED_DESKTOP_FILE_PID': '50397', 'IM_CONFIG_PHASE': '1', 'WAYLAND_DISPLAY': 'wayland-0', 'ROS_DISTRO': 'humble', 'LOGNAME': 'user', 'JOURNAL_STREAM': '8:12562', '_': '/usr/bin/colcon', 'ROS_VERSION': '2', 'XDG_SESSION_CLASS': 'user', 'USERNAME': 'user', 'TERM': 'xterm-256color', 'GAZEBO_MODEL_PATH': '/usr/share/gazebo-11/models:/usr/share/gazebo-11/models:', 'GNOME_DESKTOP_SESSION_ID': 'this-is-deprecated', 'ROS_LOCALHOST_ONLY': '0', 'OGRE_RESOURCE_PATH': '/usr/lib/x86_64-linux-gnu/OGRE-1.9.0', 'PATH': '/opt/ros/humble/bin:/home/user/.local/bin:/usr/local/sbin:/usr/local/bin:/usr/sbin:/usr/bin:/sbin:/bin:/usr/games:/usr/local/games:/snap/bin:/snap/bin', 'SESSION_MANAGER': 'local/user-15Z970-GA3HK:@/tmp/.ICE-unix/1044,unix/user-15Z970-GA3HK:/tmp/.ICE-unix/1044', 'INVOCATION_ID': 'f2801b7b6e2f4da9938183836f083396', 'XDG_MENU_PREFIX': 'gnome-', 'LC_ADDRESS': 'ko_KR.UTF-8', 'GNOME_SETUP_DISPLAY': ':1', 'XDG_RUNTIME_DIR': '/run/user/1000', 'DISPLAY': ':0', 'TERMINATOR_DBUS_PATH': '/net/tenshu/Terminator2', 'LANG': 'en_US.UTF-8', 'XDG_CURRENT_DESKTOP': 'ubuntu:GNOME', 'IBUS_DISABLE_SNOOPER': '1', 'LC_TELEPHONE': 'ko_KR.UTF-8', 'XMODIFIERS': '@im=ibus', 'XDG_SESSION_DESKTOP': 'ubuntu', 'XAUTHORITY': '/run/user/1000/.mutter-Xwaylandauth.5U12J3', 'LS_COLORS': 'rs=0:di=01;34:ln=01;36:mh=00:pi=40;33:so=01;35:do=01;35:bd=40;33;01:cd=40;33;01:or=40;31;01:mi=00:su=37;41:sg=30;43:ca=30;41:tw=30;42:ow=34;42:st=37;44:ex=01;32:*.tar=01;31:*.tgz=01;31:*.arc=01;31:*.arj=01;31:*.taz=01;31:*.lha=01;31:*.lz4=01;31:*.lzh=01;31:*.lzma=01;31:*.tlz=01;31:*.txz=01;31:*.tzo=01;31:*.t7z=01;31:*.zip=01;31:*.z=01;31:*.dz=01;31:*.gz=01;31:*.lrz=01;31:*.lz=01;31:*.lzo=01;31:*.xz=01;31:*.zst=01;31:*.tzst=01;31:*.bz2=01;31:*.bz=01;31:*.tbz=01;31:*.tbz2=01;31:*.tz=01;31:*.deb=01;31:*.rpm=01;31:*.jar=01;31:*.war=01;31:*.ear=01;31:*.sar=01;31:*.rar=01;31:*.alz=01;31:*.ace=01;31:*.zoo=01;31:*.cpio=01;31:*.7z=01;31:*.rz=01;31:*.cab=01;31:*.wim=01;31:*.swm=01;31:*.dwm=01;31:*.esd=01;31:*.jpg=01;35:*.jpeg=01;35:*.mjpg=01;35:*.mjpeg=01;35:*.gif=01;35:*.bmp=01;35:*.pbm=01;35:*.pgm=01;35:*.ppm=01;35:*.tga=01;35:*.xbm=01;35:*.xpm=01;35:*.tif=01;35:*.tiff=01;35:*.png=01;35:*.svg=01;35:*.svgz=01;35:*.mng=01;35:*.pcx=01;35:*.mov=01;35:*.mpg=01;35:*.mpeg=01;35:*.m2v=01;35:*.mkv=01;35:*.webm=01;35:*.webp=01;35:*.ogm=01;35:*.mp4=01;35:*.m4v=01;35:*.mp4v=01;35:*.vob=01;35:*.qt=01;35:*.nuv=01;35:*.wmv=01;35:*.asf=01;35:*.rm=01;35:*.rmvb=01;35:*.flc=01;35:*.avi=01;35:*.fli=01;35:*.flv=01;35:*.gl=01;35:*.dl=01;35:*.xcf=01;35:*.xwd=01;35:*.yuv=01;35:*.cgm=01;35:*.emf=01;35:*.ogv=01;35:*.ogx=01;35:*.aac=00;36:*.au=00;36:*.flac=00;36:*.m4a=00;36:*.mid=00;36:*.midi=00;36:*.mka=00;36:*.mp3=00;36:*.mpc=00;36:*.ogg=00;36:*.ra=00;36:*.wav=00;36:*.oga=00;36:*.opus=00;36:*.spx=00;36:*.xspf=00;36:', 'SSH_AGENT_LAUNCHER': 'gnome-keyring', 'SSH_AUTH_SOCK': '/run/user/1000/keyring/ssh', 'ROS_DOMAIN_ID': '35', 'AMENT_PREFIX_PATH': '/opt/ros/humble', 'SHELL': '/bin/bash', 'LC_NAME': 'ko_KR.UTF-8', 'TERMINATOR_UUID': 'urn:uuid:87b7c693-7af3-489e-af03-8fb9beab4f2f', 'QT_ACCESSIBILITY': '1', 'GDMSESSION': 'ubuntu', 'LESSCLOSE': '/usr/bin/lesspipe %s %s', 'LC_MEASUREMENT': 'ko_KR.UTF-8', 'GAZEBO_RESOURCE_PATH': '/usr/share/gazebo-11:/usr/share/gazebo-11:', 'LC_IDENTIFICATION': 'ko_KR.UTF-8', 'GAZEBO_MODEL_DATABASE_URI': 'http://models.gazebosim.org', 'QT_IM_MODULE': 'ibus', 'PWD': '/home/user/robocup_ws/build/pick_and_place_pkg', 'LC_ALL': 'en_US.UTF-8', 'XDG_CONFIG_DIRS': '/etc/xdg/xdg-ubuntu:/etc/xdg', 'GAZEBO_PLUGIN_PATH': '/usr/lib/x86_64-linux-gnu/gazebo-11/plugins:/usr/lib/x86_64-linux-gnu/gazebo-11/plugins:', 'XDG_DATA_DIRS': '/usr/share/ubuntu:/usr/local/share/:/usr/share/:/var/lib/snapd/desktop', 'PYTHONPATH': '/home/user/robocup_ws/build/pick_and_place_pkg/prefix_override:/usr/lib/python3/dist-packages/colcon_core/task/python/colcon_distutils_commands:/home/user/robocup_ws/install/pick_and_place_pkg/lib/python3.10/site-packages:/opt/ros/humble/lib/python3.10/site-packages:/opt/ros/humble/local/lib/python3.10/dist-packages', 'LC_NUMERIC': 'ko_KR.UTF-8', 'LC_PAPER': 'ko_KR.UTF-8', 'COLCON': '1', 'VTE_VERSION': '6800'}, 'shell': False}
[2.601844] (launch_pkg) Command: {'cmd': ['/usr/bin/python3', '-W', 'ignore:setup.py install is deprecated', '-W', 'ignore:easy_install command is deprecated', 'setup.py', 'develop', '--editable', '--build-directory', '/home/user/robocup_ws/build/launch_pkg/build', '--no-deps', 'symlink_data'], 'cwd': '/home/user/robocup_ws/build/launch_pkg', 'env': {'LESSOPEN': '| /usr/bin/lesspipe %s', 'USER': 'user', 'LC_TIME': 'ko_KR.UTF-8', 'XDG_SESSION_TYPE': 'wayland', 'SHLVL': '1', 'LD_LIBRARY_PATH': '/opt/ros/humble/opt/rviz_ogre_vendor/lib:/opt/ros/humble/lib/x86_64-linux-gnu:/opt/ros/humble/lib::/usr/lib/x86_64-linux-gnu/gazebo-11/plugins::/usr/lib/x86_64-linux-gnu/gazebo-11/plugins:/usr/lib/x86_64-linux-gnu/gazebo-11/plugins:', 'HOME': '/home/user', 'OLDPWD': '/home/user/robocup_ws/src', 'DESKTOP_SESSION': 'ubuntu', 'GAZEBO_MASTER_URI': 'http://localhost:11345', 'ROS_PYTHON_VERSION': '3', 'GNOME_SHELL_SESSION_MODE': 'ubuntu', 'GTK_MODULES': 'gail:atk-bridge', 'LC_MONETARY': 'ko_KR.UTF-8', 'MANAGERPID': '914', 'SYSTEMD_EXEC_PID': '1382', 'DBUS_SESSION_BUS_ADDRESS': 'unix:path=/run/user/1000/bus', 'COLORTERM': 'truecolor', 'TERMINATOR_DBUS_NAME': 'net.tenshu.Terminator25ef4b219e3b005583550f2b0f9f990c3', 'GIO_LAUNCHED_DESKTOP_FILE_PID': '50397', 'IM_CONFIG_PHASE': '1', 'WAYLAND_DISPLAY': 'wayland-0', 'ROS_DISTRO': 'humble', 'LOGNAME': 'user', 'JOURNAL_STREAM': '8:12562', '_': '/usr/bin/colcon', 'ROS_VERSION': '2', 'XDG_SESSION_CLASS': 'user', 'USERNAME': 'user', 'TERM': 'xterm-256color', 'GAZEBO_MODEL_PATH': '/usr/share/gazebo-11/models:/usr/share/gazebo-11/models:', 'GNOME_DESKTOP_SESSION_ID': 'this-is-deprecated', 'ROS_LOCALHOST_ONLY': '0', 'OGRE_RESOURCE_PATH': '/usr/lib/x86_64-linux-gnu/OGRE-1.9.0', 'PATH': '/opt/ros/humble/bin:/home/user/.local/bin:/usr/local/sbin:/usr/local/bin:/usr/sbin:/usr/bin:/sbin:/bin:/usr/games:/usr/local/games:/snap/bin:/snap/bin', 'SESSION_MANAGER': 'local/user-15Z970-GA3HK:@/tmp/.ICE-unix/1044,unix/user-15Z970-GA3HK:/tmp/.ICE-unix/1044', 'INVOCATION_ID': 'f2801b7b6e2f4da9938183836f083396', 'XDG_MENU_PREFIX': 'gnome-', 'LC_ADDRESS': 'ko_KR.UTF-8', 'GNOME_SETUP_DISPLAY': ':1', 'XDG_RUNTIME_DIR': '/run/user/1000', 'DISPLAY': ':0', 'TERMINATOR_DBUS_PATH': '/net/tenshu/Terminator2', 'LANG': 'en_US.UTF-8', 'XDG_CURRENT_DESKTOP': 'ubuntu:GNOME', 'IBUS_DISABLE_SNOOPER': '1', 'LC_TELEPHONE': 'ko_KR.UTF-8', 'XMODIFIERS': '@im=ibus', 'XDG_SESSION_DESKTOP': 'ubuntu', 'XAUTHORITY': '/run/user/1000/.mutter-Xwaylandauth.5U12J3', 'LS_COLORS': 'rs=0:di=01;34:ln=01;36:mh=00:pi=40;33:so=01;35:do=01;35:bd=40;33;01:cd=40;33;01:or=40;31;01:mi=00:su=37;41:sg=30;43:ca=30;41:tw=30;42:ow=34;42:st=37;44:ex=01;32:*.tar=01;31:*.tgz=01;31:*.arc=01;31:*.arj=01;31:*.taz=01;31:*.lha=01;31:*.lz4=01;31:*.lzh=01;31:*.lzma=01;31:*.tlz=01;31:*.txz=01;31:*.tzo=01;31:*.t7z=01;31:*.zip=01;31:*.z=01;31:*.dz=01;31:*.gz=01;31:*.lrz=01;31:*.lz=01;31:*.lzo=01;31:*.xz=01;31:*.zst=01;31:*.tzst=01;31:*.bz2=01;31:*.bz=01;31:*.tbz=01;31:*.tbz2=01;31:*.tz=01;31:*.deb=01;31:*.rpm=01;31:*.jar=01;31:*.war=01;31:*.ear=01;31:*.sar=01;31:*.rar=01;31:*.alz=01;31:*.ace=01;31:*.zoo=01;31:*.cpio=01;31:*.7z=01;31:*.rz=01;31:*.cab=01;31:*.wim=01;31:*.swm=01;31:*.dwm=01;31:*.esd=01;31:*.jpg=01;35:*.jpeg=01;35:*.mjpg=01;35:*.mjpeg=01;35:*.gif=01;35:*.bmp=01;35:*.pbm=01;35:*.pgm=01;35:*.ppm=01;35:*.tga=01;35:*.xbm=01;35:*.xpm=01;35:*.tif=01;35:*.tiff=01;35:*.png=01;35:*.svg=01;35:*.svgz=01;35:*.mng=01;35:*.pcx=01;35:*.mov=01;35:*.mpg=01;35:*.mpeg=01;35:*.m2v=01;35:*.mkv=01;35:*.webm=01;35:*.webp=01;35:*.ogm=01;35:*.mp4=01;35:*.m4v=01;35:*.mp4v=01;35:*.vob=01;35:*.qt=01;35:*.nuv=01;35:*.wmv=01;35:*.asf=01;35:*.rm=01;35:*.rmvb=01;35:*.flc=01;35:*.avi=01;35:*.fli=01;35:*.flv=01;35:*.gl=01;35:*.dl=01;35:*.xcf=01;35:*.xwd=01;35:*.yuv=01;35:*.cgm=01;35:*.emf=01;35:*.ogv=01;35:*.ogx=01;35:*.aac=00;36:*.au=00;36:*.flac=00;36:*.m4a=00;36:*.mid=00;36:*.midi=00;36:*.mka=00;36:*.mp3=00;36:*.mpc=00;36:*.ogg=00;36:*.ra=00;36:*.wav=00;36:*.oga=00;36:*.opus=00;36:*.spx=00;36:*.xspf=00;36:', 'SSH_AGENT_LAUNCHER': 'gnome-keyring', 'SSH_AUTH_SOCK': '/run/user/1000/keyring/ssh', 'ROS_DOMAIN_ID': '35', 'AMENT_PREFIX_PATH': '/opt/ros/humble', 'SHELL': '/bin/bash', 'LC_NAME': 'ko_KR.UTF-8', 'TERMINATOR_UUID': 'urn:uuid:87b7c693-7af3-489e-af03-8fb9beab4f2f', 'QT_ACCESSIBILITY': '1', 'GDMSESSION': 'ubuntu', 'LESSCLOSE': '/usr/bin/lesspipe %s %s', 'LC_MEASUREMENT': 'ko_KR.UTF-8', 'GAZEBO_RESOURCE_PATH': '/usr/share/gazebo-11:/usr/share/gazebo-11:', 'LC_IDENTIFICATION': 'ko_KR.UTF-8', 'GAZEBO_MODEL_DATABASE_URI': 'http://models.gazebosim.org', 'QT_IM_MODULE': 'ibus', 'PWD': '/home/user/robocup_ws/build/launch_pkg', 'LC_ALL': 'en_US.UTF-8', 'XDG_CONFIG_DIRS': '/etc/xdg/xdg-ubuntu:/etc/xdg', 'GAZEBO_PLUGIN_PATH': '/usr/lib/x86_64-linux-gnu/gazebo-11/plugins:/usr/lib/x86_64-linux-gnu/gazebo-11/plugins:', 'XDG_DATA_DIRS': '/usr/share/ubuntu:/usr/local/share/:/usr/share/:/var/lib/snapd/desktop', 'PYTHONPATH': '/home/user/robocup_ws/build/launch_pkg/prefix_override:/usr/lib/python3/dist-packages/colcon_core/task/python/colcon_distutils_commands:/home/user/robocup_ws/install/launch_pkg/lib/python3.10/site-packages:/opt/ros/humble/lib/python3.10/site-packages:/opt/ros/humble/local/lib/python3.10/dist-packages', 'LC_NUMERIC': 'ko_KR.UTF-8', 'LC_PAPER': 'ko_KR.UTF-8', 'COLCON': '1', 'VTE_VERSION': '6800'}, 'shell': False}
[2.615266] (-) TimerEvent: {}
[2.704238] (msgs_pkg) StdoutLine: {'line': b'-- Found ament_cmake_ros: 0.10.0 (/opt/ros/humble/share/ament_cmake_ros/cmake)\n'}
[2.717260] (-) TimerEvent: {}
[2.817835] (-) TimerEvent: {}
[2.918397] (-) TimerEvent: {}
[3.018941] (-) TimerEvent: {}
[3.122283] (-) TimerEvent: {}
[3.173529] (msgs_pkg) StdoutLine: {'line': b'-- Using all available rosidl_typesupport_c: rosidl_typesupport_fastrtps_c;rosidl_typesupport_introspection_c\n'}
[3.223261] (-) TimerEvent: {}
[3.297302] (realsense2_camera_msgs) StdoutLine: {'line': b'-- Using all available rosidl_typesupport_c: rosidl_typesupport_fastrtps_c;rosidl_typesupport_introspection_c\n'}
[3.323368] (-) TimerEvent: {}
[3.425280] (-) TimerEvent: {}
[3.476350] (pick_and_place_pkg) StdoutLine: {'line': b'running develop\n'}
[3.505371] (launch_pkg) StdoutLine: {'line': b'running develop\n'}
[3.525381] (-) TimerEvent: {}
[3.627258] (-) TimerEvent: {}
[3.727629] (-) TimerEvent: {}
[3.766851] (msgs_pkg) StdoutLine: {'line': b'-- Using all available rosidl_typesupport_cpp: rosidl_typesupport_fastrtps_cpp;rosidl_typesupport_introspection_cpp\n'}
[3.827739] (-) TimerEvent: {}
[3.829417] (msgs_pkg) StdoutLine: {'line': b'-- Found PythonInterp: /usr/bin/python3 (found suitable version "3.10.12", minimum required is "3.6") \n'}
[3.837260] (msgs_pkg) StdoutLine: {'line': b'-- Found python_cmake_module: 0.10.0 (/opt/ros/humble/share/python_cmake_module/cmake)\n'}
[3.904101] (msgs_pkg) StdoutLine: {'line': b'-- Found PythonLibs: /usr/lib/x86_64-linux-gnu/libpython3.10.so (found suitable version "3.10.12", minimum required is "3.5") \n'}
[3.907377] (msgs_pkg) StdoutLine: {'line': b'-- Using PYTHON_EXECUTABLE: /usr/bin/python3\n'}
[3.907729] (msgs_pkg) StdoutLine: {'line': b'-- Using PYTHON_INCLUDE_DIRS: /usr/include/python3.10\n'}
[3.907979] (msgs_pkg) StdoutLine: {'line': b'-- Using PYTHON_LIBRARIES: /usr/lib/x86_64-linux-gnu/libpython3.10.so\n'}
[3.927852] (-) TimerEvent: {}
[3.955846] (msgs_pkg) StdoutLine: {'line': b'-- Found PythonExtra: .so  \n'}
[4.027981] (-) TimerEvent: {}
[4.073257] (msgs_pkg) StdoutLine: {'line': b'-- Configuring done\n'}
[4.128094] (-) TimerEvent: {}
[4.133075] (pick_and_place_pkg) StdoutLine: {'line': b'running egg_info\n'}
[4.133432] (pick_and_place_pkg) StdoutLine: {'line': b'creating pick_and_place_pkg.egg-info\n'}
[4.134215] (pick_and_place_pkg) StdoutLine: {'line': b'writing pick_and_place_pkg.egg-info/PKG-INFO\n'}
[4.135276] (pick_and_place_pkg) StdoutLine: {'line': b'writing dependency_links to pick_and_place_pkg.egg-info/dependency_links.txt\n'}
[4.135559] (pick_and_place_pkg) StdoutLine: {'line': b'writing entry points to pick_and_place_pkg.egg-info/entry_points.txt\n'}
[4.135890] (pick_and_place_pkg) StdoutLine: {'line': b'writing requirements to pick_and_place_pkg.egg-info/requires.txt\n'}
[4.136094] (pick_and_place_pkg) StdoutLine: {'line': b'writing top-level names to pick_and_place_pkg.egg-info/top_level.txt\n'}
[4.136318] (pick_and_place_pkg) StdoutLine: {'line': b"writing manifest file 'pick_and_place_pkg.egg-info/SOURCES.txt'\n"}
[4.141075] (pick_and_place_pkg) StdoutLine: {'line': b"reading manifest file 'pick_and_place_pkg.egg-info/SOURCES.txt'\n"}
[4.141454] (pick_and_place_pkg) StdoutLine: {'line': b"writing manifest file 'pick_and_place_pkg.egg-info/SOURCES.txt'\n"}
[4.144421] (pick_and_place_pkg) StdoutLine: {'line': b'running build_ext\n'}
[4.144885] (pick_and_place_pkg) StdoutLine: {'line': b'Creating /home/user/robocup_ws/install/pick_and_place_pkg/lib/python3.10/site-packages/pick-and-place-pkg.egg-link (link to .)\n'}
[4.146607] (pick_and_place_pkg) StdoutLine: {'line': b'Installing aruco_pose_service_node script to /home/user/robocup_ws/install/pick_and_place_pkg/lib/pick_and_place_pkg\n'}
[4.147126] (pick_and_place_pkg) StdoutLine: {'line': b'Installing gripper_node script to /home/user/robocup_ws/install/pick_and_place_pkg/lib/pick_and_place_pkg\n'}
[4.147980] (pick_and_place_pkg) StdoutLine: {'line': b'Installing load_node script to /home/user/robocup_ws/install/pick_and_place_pkg/lib/pick_and_place_pkg\n'}
[4.148275] (pick_and_place_pkg) StdoutLine: {'line': b'Installing multi_aruco_pose_service_node script to /home/user/robocup_ws/install/pick_and_place_pkg/lib/pick_and_place_pkg\n'}
[4.149214] (pick_and_place_pkg) StdoutLine: {'line': b'Installing multi_load_node script to /home/user/robocup_ws/install/pick_and_place_pkg/lib/pick_and_place_pkg\n'}
[4.149887] (pick_and_place_pkg) StdoutLine: {'line': b'Installing multi_unload_node script to /home/user/robocup_ws/install/pick_and_place_pkg/lib/pick_and_place_pkg\n'}
[4.150077] (pick_and_place_pkg) StdoutLine: {'line': b'Installing unload_node script to /home/user/robocup_ws/install/pick_and_place_pkg/lib/pick_and_place_pkg\n'}
[4.150254] (pick_and_place_pkg) StdoutLine: {'line': b'\n'}
[4.150435] (pick_and_place_pkg) StdoutLine: {'line': b'Installed /home/user/robocup_ws/build/pick_and_place_pkg\n'}
[4.150594] (pick_and_place_pkg) StdoutLine: {'line': b'running symlink_data\n'}
[4.150744] (pick_and_place_pkg) StdoutLine: {'line': b'creating /home/user/robocup_ws/install/pick_and_place_pkg/share/ament_index\n'}
[4.150903] (pick_and_place_pkg) StdoutLine: {'line': b'creating /home/user/robocup_ws/install/pick_and_place_pkg/share/ament_index/resource_index\n'}
[4.151058] (pick_and_place_pkg) StdoutLine: {'line': b'creating /home/user/robocup_ws/install/pick_and_place_pkg/share/ament_index/resource_index/packages\n'}
[4.156102] (pick_and_place_pkg) StdoutLine: {'line': b'symbolically linking /home/user/robocup_ws/build/pick_and_place_pkg/resource/pick_and_place_pkg -> /home/user/robocup_ws/install/pick_and_place_pkg/share/ament_index/resource_index/packages\n'}
[4.156461] (pick_and_place_pkg) StdoutLine: {'line': b'symbolically linking /home/user/robocup_ws/build/pick_and_place_pkg/package.xml -> /home/user/robocup_ws/install/pick_and_place_pkg/share/pick_and_place_pkg\n'}
[4.165956] (msgs_pkg) StdoutLine: {'line': b'-- Generating done\n'}
[4.193167] (msgs_pkg) StdoutLine: {'line': b'-- Build files have been written to: /home/user/robocup_ws/build/msgs_pkg\n'}
[4.201797] (launch_pkg) StdoutLine: {'line': b'running egg_info\n'}
[4.202594] (launch_pkg) StdoutLine: {'line': b'creating launch_pkg.egg-info\n'}
[4.202906] (launch_pkg) StdoutLine: {'line': b'writing launch_pkg.egg-info/PKG-INFO\n'}
[4.205258] (launch_pkg) StdoutLine: {'line': b'writing dependency_links to launch_pkg.egg-info/dependency_links.txt\n'}
[4.205531] (launch_pkg) StdoutLine: {'line': b'writing entry points to launch_pkg.egg-info/entry_points.txt\n'}
[4.205698] (launch_pkg) StdoutLine: {'line': b'writing requirements to launch_pkg.egg-info/requires.txt\n'}
[4.205857] (launch_pkg) StdoutLine: {'line': b'writing top-level names to launch_pkg.egg-info/top_level.txt\n'}
[4.206009] (launch_pkg) StdoutLine: {'line': b"writing manifest file 'launch_pkg.egg-info/SOURCES.txt'\n"}
[4.209017] (launch_pkg) StdoutLine: {'line': b"reading manifest file 'launch_pkg.egg-info/SOURCES.txt'\n"}
[4.212329] (launch_pkg) StdoutLine: {'line': b"writing manifest file 'launch_pkg.egg-info/SOURCES.txt'\n"}
[4.214024] (launch_pkg) StdoutLine: {'line': b'running build_ext\n'}
[4.215344] (launch_pkg) StdoutLine: {'line': b'Creating /home/user/robocup_ws/install/launch_pkg/lib/python3.10/site-packages/launch-pkg.egg-link (link to .)\n'}
[4.216336] (launch_pkg) StdoutLine: {'line': b'\n'}
[4.219078] (launch_pkg) StdoutLine: {'line': b'Installed /home/user/robocup_ws/build/launch_pkg\n'}
[4.219287] (launch_pkg) StdoutLine: {'line': b'running symlink_data\n'}
[4.219464] (msgs_pkg) CommandEnded: {'returncode': 0}
[4.221597] (msgs_pkg) JobProgress: {'identifier': 'msgs_pkg', 'progress': 'build'}
[4.221714] (launch_pkg) StdoutLine: {'line': b'creating /home/user/robocup_ws/install/launch_pkg/share/ament_index\n'}
[4.221961] (launch_pkg) StdoutLine: {'line': b'creating /home/user/robocup_ws/install/launch_pkg/share/ament_index/resource_index\n'}
[4.222158] (launch_pkg) StdoutLine: {'line': b'creating /home/user/robocup_ws/install/launch_pkg/share/ament_index/resource_index/packages\n'}
[4.222356] (launch_pkg) StdoutLine: {'line': b'symbolically linking /home/user/robocup_ws/build/launch_pkg/resource/launch_pkg -> /home/user/robocup_ws/install/launch_pkg/share/ament_index/resource_index/packages\n'}
[4.222523] (launch_pkg) StdoutLine: {'line': b'symbolically linking /home/user/robocup_ws/build/launch_pkg/package.xml -> /home/user/robocup_ws/install/launch_pkg/share/launch_pkg\n'}
[4.222685] (msgs_pkg) Command: {'cmd': ['/usr/bin/cmake', '--build', '/home/user/robocup_ws/build/msgs_pkg', '--', '-j4', '-l4'], 'cwd': '/home/user/robocup_ws/build/msgs_pkg', 'env': OrderedDict([('LESSOPEN', '| /usr/bin/lesspipe %s'), ('USER', 'user'), ('LC_TIME', 'ko_KR.UTF-8'), ('XDG_SESSION_TYPE', 'wayland'), ('SHLVL', '1'), ('LD_LIBRARY_PATH', '/opt/ros/humble/opt/rviz_ogre_vendor/lib:/opt/ros/humble/lib/x86_64-linux-gnu:/opt/ros/humble/lib::/usr/lib/x86_64-linux-gnu/gazebo-11/plugins::/usr/lib/x86_64-linux-gnu/gazebo-11/plugins:/usr/lib/x86_64-linux-gnu/gazebo-11/plugins:'), ('HOME', '/home/user'), ('OLDPWD', '/home/user/robocup_ws/src'), ('DESKTOP_SESSION', 'ubuntu'), ('GAZEBO_MASTER_URI', 'http://localhost:11345'), ('ROS_PYTHON_VERSION', '3'), ('GNOME_SHELL_SESSION_MODE', 'ubuntu'), ('GTK_MODULES', 'gail:atk-bridge'), ('LC_MONETARY', 'ko_KR.UTF-8'), ('MANAGERPID', '914'), ('SYSTEMD_EXEC_PID', '1382'), ('DBUS_SESSION_BUS_ADDRESS', 'unix:path=/run/user/1000/bus'), ('COLORTERM', 'truecolor'), ('TERMINATOR_DBUS_NAME', 'net.tenshu.Terminator25ef4b219e3b005583550f2b0f9f990c3'), ('GIO_LAUNCHED_DESKTOP_FILE_PID', '50397'), ('IM_CONFIG_PHASE', '1'), ('WAYLAND_DISPLAY', 'wayland-0'), ('ROS_DISTRO', 'humble'), ('LOGNAME', 'user'), ('JOURNAL_STREAM', '8:12562'), ('_', '/usr/bin/colcon'), ('ROS_VERSION', '2'), ('XDG_SESSION_CLASS', 'user'), ('USERNAME', 'user'), ('TERM', 'xterm-256color'), ('GAZEBO_MODEL_PATH', '/usr/share/gazebo-11/models:/usr/share/gazebo-11/models:'), ('GNOME_DESKTOP_SESSION_ID', 'this-is-deprecated'), ('ROS_LOCALHOST_ONLY', '0'), ('OGRE_RESOURCE_PATH', '/usr/lib/x86_64-linux-gnu/OGRE-1.9.0'), ('PATH', '/opt/ros/humble/bin:/home/user/.local/bin:/usr/local/sbin:/usr/local/bin:/usr/sbin:/usr/bin:/sbin:/bin:/usr/games:/usr/local/games:/snap/bin:/snap/bin'), ('SESSION_MANAGER', 'local/user-15Z970-GA3HK:@/tmp/.ICE-unix/1044,unix/user-15Z970-GA3HK:/tmp/.ICE-unix/1044'), ('INVOCATION_ID', 'f2801b7b6e2f4da9938183836f083396'), ('XDG_MENU_PREFIX', 'gnome-'), ('LC_ADDRESS', 'ko_KR.UTF-8'), ('GNOME_SETUP_DISPLAY', ':1'), ('XDG_RUNTIME_DIR', '/run/user/1000'), ('DISPLAY', ':0'), ('TERMINATOR_DBUS_PATH', '/net/tenshu/Terminator2'), ('LANG', 'en_US.UTF-8'), ('XDG_CURRENT_DESKTOP', 'ubuntu:GNOME'), ('IBUS_DISABLE_SNOOPER', '1'), ('LC_TELEPHONE', 'ko_KR.UTF-8'), ('XMODIFIERS', '@im=ibus'), ('XDG_SESSION_DESKTOP', 'ubuntu'), ('XAUTHORITY', '/run/user/1000/.mutter-Xwaylandauth.5U12J3'), ('LS_COLORS', 'rs=0:di=01;34:ln=01;36:mh=00:pi=40;33:so=01;35:do=01;35:bd=40;33;01:cd=40;33;01:or=40;31;01:mi=00:su=37;41:sg=30;43:ca=30;41:tw=30;42:ow=34;42:st=37;44:ex=01;32:*.tar=01;31:*.tgz=01;31:*.arc=01;31:*.arj=01;31:*.taz=01;31:*.lha=01;31:*.lz4=01;31:*.lzh=01;31:*.lzma=01;31:*.tlz=01;31:*.txz=01;31:*.tzo=01;31:*.t7z=01;31:*.zip=01;31:*.z=01;31:*.dz=01;31:*.gz=01;31:*.lrz=01;31:*.lz=01;31:*.lzo=01;31:*.xz=01;31:*.zst=01;31:*.tzst=01;31:*.bz2=01;31:*.bz=01;31:*.tbz=01;31:*.tbz2=01;31:*.tz=01;31:*.deb=01;31:*.rpm=01;31:*.jar=01;31:*.war=01;31:*.ear=01;31:*.sar=01;31:*.rar=01;31:*.alz=01;31:*.ace=01;31:*.zoo=01;31:*.cpio=01;31:*.7z=01;31:*.rz=01;31:*.cab=01;31:*.wim=01;31:*.swm=01;31:*.dwm=01;31:*.esd=01;31:*.jpg=01;35:*.jpeg=01;35:*.mjpg=01;35:*.mjpeg=01;35:*.gif=01;35:*.bmp=01;35:*.pbm=01;35:*.pgm=01;35:*.ppm=01;35:*.tga=01;35:*.xbm=01;35:*.xpm=01;35:*.tif=01;35:*.tiff=01;35:*.png=01;35:*.svg=01;35:*.svgz=01;35:*.mng=01;35:*.pcx=01;35:*.mov=01;35:*.mpg=01;35:*.mpeg=01;35:*.m2v=01;35:*.mkv=01;35:*.webm=01;35:*.webp=01;35:*.ogm=01;35:*.mp4=01;35:*.m4v=01;35:*.mp4v=01;35:*.vob=01;35:*.qt=01;35:*.nuv=01;35:*.wmv=01;35:*.asf=01;35:*.rm=01;35:*.rmvb=01;35:*.flc=01;35:*.avi=01;35:*.fli=01;35:*.flv=01;35:*.gl=01;35:*.dl=01;35:*.xcf=01;35:*.xwd=01;35:*.yuv=01;35:*.cgm=01;35:*.emf=01;35:*.ogv=01;35:*.ogx=01;35:*.aac=00;36:*.au=00;36:*.flac=00;36:*.m4a=00;36:*.mid=00;36:*.midi=00;36:*.mka=00;36:*.mp3=00;36:*.mpc=00;36:*.ogg=00;36:*.ra=00;36:*.wav=00;36:*.oga=00;36:*.opus=00;36:*.spx=00;36:*.xspf=00;36:'), ('SSH_AGENT_LAUNCHER', 'gnome-keyring'), ('SSH_AUTH_SOCK', '/run/user/1000/keyring/ssh'), ('ROS_DOMAIN_ID', '35'), ('AMENT_PREFIX_PATH', '/opt/ros/humble'), ('SHELL', '/bin/bash'), ('LC_NAME', 'ko_KR.UTF-8'), ('TERMINATOR_UUID', 'urn:uuid:87b7c693-7af3-489e-af03-8fb9beab4f2f'), ('QT_ACCESSIBILITY', '1'), ('GDMSESSION', 'ubuntu'), ('LESSCLOSE', '/usr/bin/lesspipe %s %s'), ('LC_MEASUREMENT', 'ko_KR.UTF-8'), ('GAZEBO_RESOURCE_PATH', '/usr/share/gazebo-11:/usr/share/gazebo-11:'), ('LC_IDENTIFICATION', 'ko_KR.UTF-8'), ('GAZEBO_MODEL_DATABASE_URI', 'http://models.gazebosim.org'), ('QT_IM_MODULE', 'ibus'), ('PWD', '/home/user/robocup_ws/build/msgs_pkg'), ('LC_ALL', 'en_US.UTF-8'), ('XDG_CONFIG_DIRS', '/etc/xdg/xdg-ubuntu:/etc/xdg'), ('GAZEBO_PLUGIN_PATH', '/usr/lib/x86_64-linux-gnu/gazebo-11/plugins:/usr/lib/x86_64-linux-gnu/gazebo-11/plugins:'), ('XDG_DATA_DIRS', '/usr/share/ubuntu:/usr/local/share/:/usr/share/:/var/lib/snapd/desktop'), ('PYTHONPATH', '/opt/ros/humble/lib/python3.10/site-packages:/opt/ros/humble/local/lib/python3.10/dist-packages'), ('LC_NUMERIC', 'ko_KR.UTF-8'), ('LC_PAPER', 'ko_KR.UTF-8'), ('COLCON', '1'), ('VTE_VERSION', '6800'), ('CMAKE_PREFIX_PATH', '/opt/ros/humble')]), 'shell': False}
[4.223713] (launch_pkg) StdoutLine: {'line': b'creating /home/user/robocup_ws/install/launch_pkg/share/launch_pkg/launch\n'}
[4.223937] (launch_pkg) StdoutLine: {'line': b'symbolically linking /home/user/robocup_ws/build/launch_pkg/launch/demo.launch.py -> /home/user/robocup_ws/install/launch_pkg/share/launch_pkg/launch\n'}
[4.233111] (pick_and_place_pkg) CommandEnded: {'returncode': 0}
[4.233948] (-) TimerEvent: {}
[4.258159] (pick_and_place_pkg) JobEnded: {'identifier': 'pick_and_place_pkg', 'rc': 0}
[4.265519] (serial_pkg) JobStarted: {'identifier': 'serial_pkg'}
[4.330387] (msgs_pkg) StdoutLine: {'line': b'[  2%] \x1b[34m\x1b[1mGenerating C code for ROS interfaces\x1b[0m\n'}
[4.334062] (-) TimerEvent: {}
[4.355753] (msgs_pkg) StdoutLine: {'line': b'[  4%] \x1b[34m\x1b[1mGenerating C++ code for ROS interfaces\x1b[0m\n'}
[4.405377] (msgs_pkg) StdoutLine: {'line': b'[  4%] Built target ament_cmake_python_symlink_msgs_pkg\n'}
[4.426307] (realsense2_camera_msgs) StdoutLine: {'line': b'-- Using all available rosidl_typesupport_cpp: rosidl_typesupport_fastrtps_cpp;rosidl_typesupport_introspection_cpp\n'}
[4.434176] (-) TimerEvent: {}
[4.483223] (realsense2_camera_msgs) StdoutLine: {'line': b'-- Found PythonInterp: /usr/bin/python3 (found suitable version "3.10.12", minimum required is "3.6") \n'}
[4.487846] (realsense2_camera_msgs) StdoutLine: {'line': b'-- Found python_cmake_module: 0.10.0 (/opt/ros/humble/share/python_cmake_module/cmake)\n'}
[4.534270] (-) TimerEvent: {}
[4.550229] (realsense2_camera_msgs) StdoutLine: {'line': b'-- Found PythonLibs: /usr/lib/x86_64-linux-gnu/libpython3.10.so (found suitable version "3.10.12", minimum required is "3.5") \n'}
[4.552228] (realsense2_camera_msgs) StdoutLine: {'line': b'-- Using PYTHON_EXECUTABLE: /usr/bin/python3\n'}
[4.552503] (realsense2_camera_msgs) StdoutLine: {'line': b'-- Using PYTHON_INCLUDE_DIRS: /usr/include/python3.10\n'}
[4.552695] (realsense2_camera_msgs) StdoutLine: {'line': b'-- Using PYTHON_LIBRARIES: /usr/lib/x86_64-linux-gnu/libpython3.10.so\n'}
[4.604116] (realsense2_camera_msgs) StdoutLine: {'line': b'-- Found PythonExtra: .so  \n'}
[4.637257] (-) TimerEvent: {}
[4.737673] (-) TimerEvent: {}
[4.838098] (-) TimerEvent: {}
[4.844806] (realsense2_camera_msgs) StdoutLine: {'line': b'-- Found ament_cmake_flake8: 0.12.14 (/opt/ros/humble/share/ament_cmake_flake8/cmake)\n'}
[4.860675] (realsense2_camera_msgs) StdoutLine: {'line': b'-- Found ament_cmake_pep257: 0.12.14 (/opt/ros/humble/share/ament_cmake_pep257/cmake)\n'}
[4.908702] (realsense2_camera_msgs) StdoutLine: {'line': b'-- Configuring done\n'}
[4.938221] (-) TimerEvent: {}
[5.041422] (-) TimerEvent: {}
[5.055592] (realsense2_camera_msgs) StdoutLine: {'line': b'-- Generating done\n'}
[5.097427] (realsense2_camera_msgs) StdoutLine: {'line': b'-- Build files have been written to: /home/user/robocup_ws/build/realsense2_camera_msgs\n'}
[5.141529] (-) TimerEvent: {}
[5.242445] (-) TimerEvent: {}
[5.253727] (launch_pkg) CommandEnded: {'returncode': 0}
[5.288503] (launch_pkg) JobEnded: {'identifier': 'launch_pkg', 'rc': 0}
[5.289273] (realsense2_camera_msgs) CommandEnded: {'returncode': 0}
[5.290014] (realsense2_camera_msgs) JobProgress: {'identifier': 'realsense2_camera_msgs', 'progress': 'build'}
[5.290075] (realsense2_camera_msgs) Command: {'cmd': ['/usr/bin/cmake', '--build', '/home/user/robocup_ws/build/realsense2_camera_msgs', '--', '-j4', '-l4'], 'cwd': '/home/user/robocup_ws/build/realsense2_camera_msgs', 'env': OrderedDict([('LESSOPEN', '| /usr/bin/lesspipe %s'), ('USER', 'user'), ('LC_TIME', 'ko_KR.UTF-8'), ('XDG_SESSION_TYPE', 'wayland'), ('SHLVL', '1'), ('LD_LIBRARY_PATH', '/opt/ros/humble/opt/rviz_ogre_vendor/lib:/opt/ros/humble/lib/x86_64-linux-gnu:/opt/ros/humble/lib::/usr/lib/x86_64-linux-gnu/gazebo-11/plugins::/usr/lib/x86_64-linux-gnu/gazebo-11/plugins:/usr/lib/x86_64-linux-gnu/gazebo-11/plugins:'), ('HOME', '/home/user'), ('OLDPWD', '/home/user/robocup_ws/src'), ('DESKTOP_SESSION', 'ubuntu'), ('GAZEBO_MASTER_URI', 'http://localhost:11345'), ('ROS_PYTHON_VERSION', '3'), ('GNOME_SHELL_SESSION_MODE', 'ubuntu'), ('GTK_MODULES', 'gail:atk-bridge'), ('LC_MONETARY', 'ko_KR.UTF-8'), ('MANAGERPID', '914'), ('SYSTEMD_EXEC_PID', '1382'), ('DBUS_SESSION_BUS_ADDRESS', 'unix:path=/run/user/1000/bus'), ('COLORTERM', 'truecolor'), ('TERMINATOR_DBUS_NAME', 'net.tenshu.Terminator25ef4b219e3b005583550f2b0f9f990c3'), ('GIO_LAUNCHED_DESKTOP_FILE_PID', '50397'), ('IM_CONFIG_PHASE', '1'), ('WAYLAND_DISPLAY', 'wayland-0'), ('ROS_DISTRO', 'humble'), ('LOGNAME', 'user'), ('JOURNAL_STREAM', '8:12562'), ('_', '/usr/bin/colcon'), ('ROS_VERSION', '2'), ('XDG_SESSION_CLASS', 'user'), ('USERNAME', 'user'), ('TERM', 'xterm-256color'), ('GAZEBO_MODEL_PATH', '/usr/share/gazebo-11/models:/usr/share/gazebo-11/models:'), ('GNOME_DESKTOP_SESSION_ID', 'this-is-deprecated'), ('ROS_LOCALHOST_ONLY', '0'), ('OGRE_RESOURCE_PATH', '/usr/lib/x86_64-linux-gnu/OGRE-1.9.0'), ('PATH', '/opt/ros/humble/bin:/home/user/.local/bin:/usr/local/sbin:/usr/local/bin:/usr/sbin:/usr/bin:/sbin:/bin:/usr/games:/usr/local/games:/snap/bin:/snap/bin'), ('SESSION_MANAGER', 'local/user-15Z970-GA3HK:@/tmp/.ICE-unix/1044,unix/user-15Z970-GA3HK:/tmp/.ICE-unix/1044'), ('INVOCATION_ID', 'f2801b7b6e2f4da9938183836f083396'), ('XDG_MENU_PREFIX', 'gnome-'), ('LC_ADDRESS', 'ko_KR.UTF-8'), ('GNOME_SETUP_DISPLAY', ':1'), ('XDG_RUNTIME_DIR', '/run/user/1000'), ('DISPLAY', ':0'), ('TERMINATOR_DBUS_PATH', '/net/tenshu/Terminator2'), ('LANG', 'en_US.UTF-8'), ('XDG_CURRENT_DESKTOP', 'ubuntu:GNOME'), ('IBUS_DISABLE_SNOOPER', '1'), ('LC_TELEPHONE', 'ko_KR.UTF-8'), ('XMODIFIERS', '@im=ibus'), ('XDG_SESSION_DESKTOP', 'ubuntu'), ('XAUTHORITY', '/run/user/1000/.mutter-Xwaylandauth.5U12J3'), ('LS_COLORS', 'rs=0:di=01;34:ln=01;36:mh=00:pi=40;33:so=01;35:do=01;35:bd=40;33;01:cd=40;33;01:or=40;31;01:mi=00:su=37;41:sg=30;43:ca=30;41:tw=30;42:ow=34;42:st=37;44:ex=01;32:*.tar=01;31:*.tgz=01;31:*.arc=01;31:*.arj=01;31:*.taz=01;31:*.lha=01;31:*.lz4=01;31:*.lzh=01;31:*.lzma=01;31:*.tlz=01;31:*.txz=01;31:*.tzo=01;31:*.t7z=01;31:*.zip=01;31:*.z=01;31:*.dz=01;31:*.gz=01;31:*.lrz=01;31:*.lz=01;31:*.lzo=01;31:*.xz=01;31:*.zst=01;31:*.tzst=01;31:*.bz2=01;31:*.bz=01;31:*.tbz=01;31:*.tbz2=01;31:*.tz=01;31:*.deb=01;31:*.rpm=01;31:*.jar=01;31:*.war=01;31:*.ear=01;31:*.sar=01;31:*.rar=01;31:*.alz=01;31:*.ace=01;31:*.zoo=01;31:*.cpio=01;31:*.7z=01;31:*.rz=01;31:*.cab=01;31:*.wim=01;31:*.swm=01;31:*.dwm=01;31:*.esd=01;31:*.jpg=01;35:*.jpeg=01;35:*.mjpg=01;35:*.mjpeg=01;35:*.gif=01;35:*.bmp=01;35:*.pbm=01;35:*.pgm=01;35:*.ppm=01;35:*.tga=01;35:*.xbm=01;35:*.xpm=01;35:*.tif=01;35:*.tiff=01;35:*.png=01;35:*.svg=01;35:*.svgz=01;35:*.mng=01;35:*.pcx=01;35:*.mov=01;35:*.mpg=01;35:*.mpeg=01;35:*.m2v=01;35:*.mkv=01;35:*.webm=01;35:*.webp=01;35:*.ogm=01;35:*.mp4=01;35:*.m4v=01;35:*.mp4v=01;35:*.vob=01;35:*.qt=01;35:*.nuv=01;35:*.wmv=01;35:*.asf=01;35:*.rm=01;35:*.rmvb=01;35:*.flc=01;35:*.avi=01;35:*.fli=01;35:*.flv=01;35:*.gl=01;35:*.dl=01;35:*.xcf=01;35:*.xwd=01;35:*.yuv=01;35:*.cgm=01;35:*.emf=01;35:*.ogv=01;35:*.ogx=01;35:*.aac=00;36:*.au=00;36:*.flac=00;36:*.m4a=00;36:*.mid=00;36:*.midi=00;36:*.mka=00;36:*.mp3=00;36:*.mpc=00;36:*.ogg=00;36:*.ra=00;36:*.wav=00;36:*.oga=00;36:*.opus=00;36:*.spx=00;36:*.xspf=00;36:'), ('SSH_AGENT_LAUNCHER', 'gnome-keyring'), ('SSH_AUTH_SOCK', '/run/user/1000/keyring/ssh'), ('ROS_DOMAIN_ID', '35'), ('AMENT_PREFIX_PATH', '/opt/ros/humble'), ('SHELL', '/bin/bash'), ('LC_NAME', 'ko_KR.UTF-8'), ('TERMINATOR_UUID', 'urn:uuid:87b7c693-7af3-489e-af03-8fb9beab4f2f'), ('QT_ACCESSIBILITY', '1'), ('GDMSESSION', 'ubuntu'), ('LESSCLOSE', '/usr/bin/lesspipe %s %s'), ('LC_MEASUREMENT', 'ko_KR.UTF-8'), ('GAZEBO_RESOURCE_PATH', '/usr/share/gazebo-11:/usr/share/gazebo-11:'), ('LC_IDENTIFICATION', 'ko_KR.UTF-8'), ('GAZEBO_MODEL_DATABASE_URI', 'http://models.gazebosim.org'), ('QT_IM_MODULE', 'ibus'), ('PWD', '/home/user/robocup_ws/build/realsense2_camera_msgs'), ('LC_ALL', 'en_US.UTF-8'), ('XDG_CONFIG_DIRS', '/etc/xdg/xdg-ubuntu:/etc/xdg'), ('GAZEBO_PLUGIN_PATH', '/usr/lib/x86_64-linux-gnu/gazebo-11/plugins:/usr/lib/x86_64-linux-gnu/gazebo-11/plugins:'), ('XDG_DATA_DIRS', '/usr/share/ubuntu:/usr/local/share/:/usr/share/:/var/lib/snapd/desktop'), ('PYTHONPATH', '/opt/ros/humble/lib/python3.10/site-packages:/opt/ros/humble/local/lib/python3.10/dist-packages'), ('LC_NUMERIC', 'ko_KR.UTF-8'), ('LC_PAPER', 'ko_KR.UTF-8'), ('COLCON', '1'), ('VTE_VERSION', '6800'), ('CMAKE_PREFIX_PATH', '/opt/ros/humble')]), 'shell': False}
[5.345274] (-) TimerEvent: {}
[5.388474] (msgs_pkg) StdoutLine: {'line': b'running egg_info\n'}
[5.389563] (msgs_pkg) StdoutLine: {'line': b'creating msgs_pkg.egg-info\n'}
[5.390021] (msgs_pkg) StdoutLine: {'line': b'writing msgs_pkg.egg-info/PKG-INFO\n'}
[5.390336] (msgs_pkg) StdoutLine: {'line': b'writing dependency_links to msgs_pkg.egg-info/dependency_links.txt\n'}
[5.390680] (msgs_pkg) StdoutLine: {'line': b'writing top-level names to msgs_pkg.egg-info/top_level.txt\n'}
[5.391356] (msgs_pkg) StdoutLine: {'line': b"writing manifest file 'msgs_pkg.egg-info/SOURCES.txt'\n"}
[5.398262] (msgs_pkg) StdoutLine: {'line': b"reading manifest file 'msgs_pkg.egg-info/SOURCES.txt'\n"}
[5.399164] (msgs_pkg) StdoutLine: {'line': b"writing manifest file 'msgs_pkg.egg-info/SOURCES.txt'\n"}
[5.447260] (-) TimerEvent: {}
[5.484348] (msgs_pkg) StdoutLine: {'line': b'[  4%] Built target ament_cmake_python_build_msgs_pkg_egg\n'}
[5.491041] (realsense2_camera_msgs) StdoutLine: {'line': b'[  1%] \x1b[34m\x1b[1mGenerating C code for ROS interfaces\x1b[0m\n'}
[5.541970] (realsense2_camera_msgs) StdoutLine: {'line': b'[  2%] \x1b[34m\x1b[1mGenerating C++ code for ROS interfaces\x1b[0m\n'}
[5.547370] (-) TimerEvent: {}
[5.571998] (realsense2_camera_msgs) StdoutLine: {'line': b'[  2%] Built target ament_cmake_python_symlink_realsense2_camera_msgs\n'}
[5.647477] (-) TimerEvent: {}
[5.750383] (-) TimerEvent: {}
[5.850789] (-) TimerEvent: {}
[5.951228] (-) TimerEvent: {}
[6.054342] (-) TimerEvent: {}
[6.127352] (msgs_pkg) StdoutLine: {'line': b'[  4%] Built target msgs_pkg__cpp\n'}
[6.154447] (-) TimerEvent: {}
[6.183418] (msgs_pkg) StdoutLine: {'line': b'[  6%] \x1b[34m\x1b[1mGenerating C++ type support dispatch for ROS interfaces\x1b[0m\n'}
[6.186946] (msgs_pkg) StdoutLine: {'line': b'[  8%] \x1b[34m\x1b[1mGenerating C++ type support for eProsima Fast-RTPS\x1b[0m\n'}
[6.187233] (msgs_pkg) StdoutLine: {'line': b'[ 10%] \x1b[32mBuilding C object CMakeFiles/msgs_pkg__rosidl_generator_c.dir/rosidl_generator_c/msgs_pkg/msg/detail/object_pose__functions.c.o\x1b[0m\n'}
[6.195468] (msgs_pkg) StdoutLine: {'line': b'[ 12%] \x1b[34m\x1b[1mGenerating C++ introspection for ROS interfaces\x1b[0m\n'}
[6.254562] (-) TimerEvent: {}
[6.359264] (-) TimerEvent: {}
[6.459672] (-) TimerEvent: {}
[6.480259] (msgs_pkg) StdoutLine: {'line': b'[ 14%] \x1b[32mBuilding C object CMakeFiles/msgs_pkg__rosidl_generator_c.dir/rosidl_generator_c/msgs_pkg/srv/detail/get_object_pose__functions.c.o\x1b[0m\n'}
[6.559776] (-) TimerEvent: {}
[6.662266] (-) TimerEvent: {}
[6.762682] (-) TimerEvent: {}
[6.791437] (msgs_pkg) StdoutLine: {'line': b'[ 17%] \x1b[32mBuilding C object CMakeFiles/msgs_pkg__rosidl_generator_c.dir/rosidl_generator_c/msgs_pkg/srv/detail/run_ws__functions.c.o\x1b[0m\n'}
[6.862789] (-) TimerEvent: {}
[6.963157] (-) TimerEvent: {}
[7.063542] (-) TimerEvent: {}
[7.128403] (msgs_pkg) StdoutLine: {'line': b'[ 19%] \x1b[32m\x1b[1mLinking C shared library libmsgs_pkg__rosidl_generator_c.so\x1b[0m\n'}
[7.166253] (-) TimerEvent: {}
[7.266643] (-) TimerEvent: {}
[7.295496] (msgs_pkg) StdoutLine: {'line': b'[ 19%] Built target msgs_pkg__rosidl_generator_c\n'}
[7.318946] (realsense2_camera_msgs) StdoutLine: {'line': b'running egg_info\n'}
[7.319256] (realsense2_camera_msgs) StdoutLine: {'line': b'creating realsense2_camera_msgs.egg-info\n'}
[7.319445] (realsense2_camera_msgs) StdoutLine: {'line': b'writing realsense2_camera_msgs.egg-info/PKG-INFO\n'}
[7.319673] (realsense2_camera_msgs) StdoutLine: {'line': b'writing dependency_links to realsense2_camera_msgs.egg-info/dependency_links.txt\n'}
[7.327346] (realsense2_camera_msgs) StdoutLine: {'line': b'writing top-level names to realsense2_camera_msgs.egg-info/top_level.txt\n'}
[7.327598] (realsense2_camera_msgs) StdoutLine: {'line': b"writing manifest file 'realsense2_camera_msgs.egg-info/SOURCES.txt'\n"}
[7.343804] (realsense2_camera_msgs) StdoutLine: {'line': b"reading manifest file 'realsense2_camera_msgs.egg-info/SOURCES.txt'\n"}
[7.345064] (realsense2_camera_msgs) StdoutLine: {'line': b"writing manifest file 'realsense2_camera_msgs.egg-info/SOURCES.txt'\n"}
[7.356945] (msgs_pkg) StdoutLine: {'line': b'[ 21%] \x1b[34m\x1b[1mGenerating C type support for eProsima Fast-RTPS\x1b[0m\n'}
[7.366758] (-) TimerEvent: {}
[7.471261] (-) TimerEvent: {}
[7.477304] (serial_pkg) Command: {'cmd': ['/usr/bin/python3', '-W', 'ignore:setup.py install is deprecated', '-W', 'ignore:easy_install command is deprecated', 'setup.py', 'develop', '--editable', '--build-directory', '/home/user/robocup_ws/build/serial_pkg/build', '--no-deps', 'symlink_data'], 'cwd': '/home/user/robocup_ws/build/serial_pkg', 'env': {'LESSOPEN': '| /usr/bin/lesspipe %s', 'USER': 'user', 'LC_TIME': 'ko_KR.UTF-8', 'XDG_SESSION_TYPE': 'wayland', 'SHLVL': '1', 'LD_LIBRARY_PATH': '/opt/ros/humble/opt/rviz_ogre_vendor/lib:/opt/ros/humble/lib/x86_64-linux-gnu:/opt/ros/humble/lib::/usr/lib/x86_64-linux-gnu/gazebo-11/plugins::/usr/lib/x86_64-linux-gnu/gazebo-11/plugins:/usr/lib/x86_64-linux-gnu/gazebo-11/plugins:', 'HOME': '/home/user', 'OLDPWD': '/home/user/robocup_ws/src', 'DESKTOP_SESSION': 'ubuntu', 'GAZEBO_MASTER_URI': 'http://localhost:11345', 'ROS_PYTHON_VERSION': '3', 'GNOME_SHELL_SESSION_MODE': 'ubuntu', 'GTK_MODULES': 'gail:atk-bridge', 'LC_MONETARY': 'ko_KR.UTF-8', 'MANAGERPID': '914', 'SYSTEMD_EXEC_PID': '1382', 'DBUS_SESSION_BUS_ADDRESS': 'unix:path=/run/user/1000/bus', 'COLORTERM': 'truecolor', 'TERMINATOR_DBUS_NAME': 'net.tenshu.Terminator25ef4b219e3b005583550f2b0f9f990c3', 'GIO_LAUNCHED_DESKTOP_FILE_PID': '50397', 'IM_CONFIG_PHASE': '1', 'WAYLAND_DISPLAY': 'wayland-0', 'ROS_DISTRO': 'humble', 'LOGNAME': 'user', 'JOURNAL_STREAM': '8:12562', '_': '/usr/bin/colcon', 'ROS_VERSION': '2', 'XDG_SESSION_CLASS': 'user', 'USERNAME': 'user', 'TERM': 'xterm-256color', 'GAZEBO_MODEL_PATH': '/usr/share/gazebo-11/models:/usr/share/gazebo-11/models:', 'GNOME_DESKTOP_SESSION_ID': 'this-is-deprecated', 'ROS_LOCALHOST_ONLY': '0', 'OGRE_RESOURCE_PATH': '/usr/lib/x86_64-linux-gnu/OGRE-1.9.0', 'PATH': '/opt/ros/humble/bin:/home/user/.local/bin:/usr/local/sbin:/usr/local/bin:/usr/sbin:/usr/bin:/sbin:/bin:/usr/games:/usr/local/games:/snap/bin:/snap/bin', 'SESSION_MANAGER': 'local/user-15Z970-GA3HK:@/tmp/.ICE-unix/1044,unix/user-15Z970-GA3HK:/tmp/.ICE-unix/1044', 'INVOCATION_ID': 'f2801b7b6e2f4da9938183836f083396', 'XDG_MENU_PREFIX': 'gnome-', 'LC_ADDRESS': 'ko_KR.UTF-8', 'GNOME_SETUP_DISPLAY': ':1', 'XDG_RUNTIME_DIR': '/run/user/1000', 'DISPLAY': ':0', 'TERMINATOR_DBUS_PATH': '/net/tenshu/Terminator2', 'LANG': 'en_US.UTF-8', 'XDG_CURRENT_DESKTOP': 'ubuntu:GNOME', 'IBUS_DISABLE_SNOOPER': '1', 'LC_TELEPHONE': 'ko_KR.UTF-8', 'XMODIFIERS': '@im=ibus', 'XDG_SESSION_DESKTOP': 'ubuntu', 'XAUTHORITY': '/run/user/1000/.mutter-Xwaylandauth.5U12J3', 'LS_COLORS': 'rs=0:di=01;34:ln=01;36:mh=00:pi=40;33:so=01;35:do=01;35:bd=40;33;01:cd=40;33;01:or=40;31;01:mi=00:su=37;41:sg=30;43:ca=30;41:tw=30;42:ow=34;42:st=37;44:ex=01;32:*.tar=01;31:*.tgz=01;31:*.arc=01;31:*.arj=01;31:*.taz=01;31:*.lha=01;31:*.lz4=01;31:*.lzh=01;31:*.lzma=01;31:*.tlz=01;31:*.txz=01;31:*.tzo=01;31:*.t7z=01;31:*.zip=01;31:*.z=01;31:*.dz=01;31:*.gz=01;31:*.lrz=01;31:*.lz=01;31:*.lzo=01;31:*.xz=01;31:*.zst=01;31:*.tzst=01;31:*.bz2=01;31:*.bz=01;31:*.tbz=01;31:*.tbz2=01;31:*.tz=01;31:*.deb=01;31:*.rpm=01;31:*.jar=01;31:*.war=01;31:*.ear=01;31:*.sar=01;31:*.rar=01;31:*.alz=01;31:*.ace=01;31:*.zoo=01;31:*.cpio=01;31:*.7z=01;31:*.rz=01;31:*.cab=01;31:*.wim=01;31:*.swm=01;31:*.dwm=01;31:*.esd=01;31:*.jpg=01;35:*.jpeg=01;35:*.mjpg=01;35:*.mjpeg=01;35:*.gif=01;35:*.bmp=01;35:*.pbm=01;35:*.pgm=01;35:*.ppm=01;35:*.tga=01;35:*.xbm=01;35:*.xpm=01;35:*.tif=01;35:*.tiff=01;35:*.png=01;35:*.svg=01;35:*.svgz=01;35:*.mng=01;35:*.pcx=01;35:*.mov=01;35:*.mpg=01;35:*.mpeg=01;35:*.m2v=01;35:*.mkv=01;35:*.webm=01;35:*.webp=01;35:*.ogm=01;35:*.mp4=01;35:*.m4v=01;35:*.mp4v=01;35:*.vob=01;35:*.qt=01;35:*.nuv=01;35:*.wmv=01;35:*.asf=01;35:*.rm=01;35:*.rmvb=01;35:*.flc=01;35:*.avi=01;35:*.fli=01;35:*.flv=01;35:*.gl=01;35:*.dl=01;35:*.xcf=01;35:*.xwd=01;35:*.yuv=01;35:*.cgm=01;35:*.emf=01;35:*.ogv=01;35:*.ogx=01;35:*.aac=00;36:*.au=00;36:*.flac=00;36:*.m4a=00;36:*.mid=00;36:*.midi=00;36:*.mka=00;36:*.mp3=00;36:*.mpc=00;36:*.ogg=00;36:*.ra=00;36:*.wav=00;36:*.oga=00;36:*.opus=00;36:*.spx=00;36:*.xspf=00;36:', 'SSH_AGENT_LAUNCHER': 'gnome-keyring', 'SSH_AUTH_SOCK': '/run/user/1000/keyring/ssh', 'ROS_DOMAIN_ID': '35', 'AMENT_PREFIX_PATH': '/opt/ros/humble', 'SHELL': '/bin/bash', 'LC_NAME': 'ko_KR.UTF-8', 'TERMINATOR_UUID': 'urn:uuid:87b7c693-7af3-489e-af03-8fb9beab4f2f', 'QT_ACCESSIBILITY': '1', 'GDMSESSION': 'ubuntu', 'LESSCLOSE': '/usr/bin/lesspipe %s %s', 'LC_MEASUREMENT': 'ko_KR.UTF-8', 'GAZEBO_RESOURCE_PATH': '/usr/share/gazebo-11:/usr/share/gazebo-11:', 'LC_IDENTIFICATION': 'ko_KR.UTF-8', 'GAZEBO_MODEL_DATABASE_URI': 'http://models.gazebosim.org', 'QT_IM_MODULE': 'ibus', 'PWD': '/home/user/robocup_ws/build/serial_pkg', 'LC_ALL': 'en_US.UTF-8', 'XDG_CONFIG_DIRS': '/etc/xdg/xdg-ubuntu:/etc/xdg', 'GAZEBO_PLUGIN_PATH': '/usr/lib/x86_64-linux-gnu/gazebo-11/plugins:/usr/lib/x86_64-linux-gnu/gazebo-11/plugins:', 'XDG_DATA_DIRS': '/usr/share/ubuntu:/usr/local/share/:/usr/share/:/var/lib/snapd/desktop', 'PYTHONPATH': '/home/user/robocup_ws/build/serial_pkg/prefix_override:/usr/lib/python3/dist-packages/colcon_core/task/python/colcon_distutils_commands:/home/user/robocup_ws/install/serial_pkg/lib/python3.10/site-packages:/opt/ros/humble/lib/python3.10/site-packages:/opt/ros/humble/local/lib/python3.10/dist-packages', 'LC_NUMERIC': 'ko_KR.UTF-8', 'LC_PAPER': 'ko_KR.UTF-8', 'COLCON': '1', 'VTE_VERSION': '6800'}, 'shell': False}
[7.485957] (realsense2_camera_msgs) StdoutLine: {'line': b'[  2%] Built target ament_cmake_python_build_realsense2_camera_msgs_egg\n'}
[7.571371] (-) TimerEvent: {}
[7.671868] (-) TimerEvent: {}
[7.748514] (msgs_pkg) StdoutLine: {'line': b'[ 23%] \x1b[32mBuilding CXX object CMakeFiles/msgs_pkg__rosidl_typesupport_fastrtps_cpp.dir/rosidl_typesupport_fastrtps_cpp/msgs_pkg/msg/detail/dds_fastrtps/object_pose__type_support.cpp.o\x1b[0m\n'}
[7.771982] (-) TimerEvent: {}
[7.875265] (-) TimerEvent: {}
[7.956338] (msgs_pkg) StdoutLine: {'line': b'[ 25%] \x1b[32mBuilding CXX object CMakeFiles/msgs_pkg__rosidl_typesupport_cpp.dir/rosidl_typesupport_cpp/msgs_pkg/msg/object_pose__type_support.cpp.o\x1b[0m\n'}
[7.975377] (-) TimerEvent: {}
[8.075921] (-) TimerEvent: {}
[8.121309] (msgs_pkg) StdoutLine: {'line': b'[ 27%] \x1b[32mBuilding CXX object CMakeFiles/msgs_pkg__rosidl_typesupport_introspection_cpp.dir/rosidl_typesupport_introspection_cpp/msgs_pkg/msg/detail/object_pose__type_support.cpp.o\x1b[0m\n'}
[8.176043] (-) TimerEvent: {}
[8.276594] (-) TimerEvent: {}
[8.377176] (-) TimerEvent: {}
[8.480518] (-) TimerEvent: {}
[8.580902] (-) TimerEvent: {}
[8.681861] (-) TimerEvent: {}
[8.782274] (-) TimerEvent: {}
[8.882823] (-) TimerEvent: {}
[8.983352] (-) TimerEvent: {}
[9.086263] (serial_pkg) StdoutLine: {'line': b'running develop\n'}
[9.086562] (-) TimerEvent: {}
[9.160434] (msgs_pkg) StdoutLine: {'line': b'[ 29%] \x1b[32mBuilding CXX object CMakeFiles/msgs_pkg__rosidl_typesupport_fastrtps_cpp.dir/rosidl_typesupport_fastrtps_cpp/msgs_pkg/srv/detail/dds_fastrtps/get_object_pose__type_support.cpp.o\x1b[0m\n'}
[9.186676] (-) TimerEvent: {}
[9.287076] (-) TimerEvent: {}
[9.366267] (msgs_pkg) StdoutLine: {'line': b'[ 31%] \x1b[32mBuilding CXX object CMakeFiles/msgs_pkg__rosidl_typesupport_cpp.dir/rosidl_typesupport_cpp/msgs_pkg/srv/get_object_pose__type_support.cpp.o\x1b[0m\n'}
[9.387191] (-) TimerEvent: {}
[9.491263] (-) TimerEvent: {}
[9.593274] (-) TimerEvent: {}
[9.609400] (msgs_pkg) StdoutLine: {'line': b'[ 34%] \x1b[32mBuilding CXX object CMakeFiles/msgs_pkg__rosidl_typesupport_fastrtps_c.dir/rosidl_typesupport_fastrtps_c/msgs_pkg/msg/detail/object_pose__type_support_c.cpp.o\x1b[0m\n'}
[9.696262] (-) TimerEvent: {}
[9.796664] (-) TimerEvent: {}
[9.897076] (-) TimerEvent: {}
[9.993071] (msgs_pkg) StdoutLine: {'line': b'[ 36%] \x1b[32mBuilding CXX object CMakeFiles/msgs_pkg__rosidl_typesupport_introspection_cpp.dir/rosidl_typesupport_introspection_cpp/msgs_pkg/srv/detail/get_object_pose__type_support.cpp.o\x1b[0m\n'}
[9.997205] (-) TimerEvent: {}
[10.097799] (-) TimerEvent: {}
[10.201281] (-) TimerEvent: {}
[10.301868] (-) TimerEvent: {}
[10.402489] (-) TimerEvent: {}
[10.503041] (-) TimerEvent: {}
[10.571244] (serial_pkg) StdoutLine: {'line': b'running egg_info\n'}
[10.571968] (serial_pkg) StdoutLine: {'line': b'creating serial_pkg.egg-info\n'}
[10.572448] (serial_pkg) StdoutLine: {'line': b'writing serial_pkg.egg-info/PKG-INFO\n'}
[10.584283] (serial_pkg) StdoutLine: {'line': b'writing dependency_links to serial_pkg.egg-info/dependency_links.txt\n'}
[10.584648] (serial_pkg) StdoutLine: {'line': b'writing entry points to serial_pkg.egg-info/entry_points.txt\n'}
[10.584888] (serial_pkg) StdoutLine: {'line': b'writing requirements to serial_pkg.egg-info/requires.txt\n'}
[10.585111] (serial_pkg) StdoutLine: {'line': b'writing top-level names to serial_pkg.egg-info/top_level.txt\n'}
[10.586325] (serial_pkg) StdoutLine: {'line': b"writing manifest file 'serial_pkg.egg-info/SOURCES.txt'\n"}
[10.601281] (serial_pkg) StdoutLine: {'line': b"reading manifest file 'serial_pkg.egg-info/SOURCES.txt'\n"}
[10.601698] (serial_pkg) StdoutLine: {'line': b"writing manifest file 'serial_pkg.egg-info/SOURCES.txt'\n"}
[10.603156] (-) TimerEvent: {}
[10.611290] (serial_pkg) StdoutLine: {'line': b'running build_ext\n'}
[10.614788] (serial_pkg) StdoutLine: {'line': b'Creating /home/user/robocup_ws/install/serial_pkg/lib/python3.10/site-packages/serial-pkg.egg-link (link to .)\n'}
[10.619330] (serial_pkg) StdoutLine: {'line': b'Installing serial_flag_bridge script to /home/user/robocup_ws/install/serial_pkg/lib/serial_pkg\n'}
[10.622970] (serial_pkg) StdoutLine: {'line': b'Installing workcell_coordinator script to /home/user/robocup_ws/install/serial_pkg/lib/serial_pkg\n'}
[10.623289] (serial_pkg) StdoutLine: {'line': b'\n'}
[10.623503] (serial_pkg) StdoutLine: {'line': b'Installed /home/user/robocup_ws/build/serial_pkg\n'}
[10.626363] (serial_pkg) StdoutLine: {'line': b'running symlink_data\n'}
[10.630954] (serial_pkg) StdoutLine: {'line': b'creating /home/user/robocup_ws/install/serial_pkg/share/ament_index\n'}
[10.631313] (serial_pkg) StdoutLine: {'line': b'creating /home/user/robocup_ws/install/serial_pkg/share/ament_index/resource_index\n'}
[10.631547] (serial_pkg) StdoutLine: {'line': b'creating /home/user/robocup_ws/install/serial_pkg/share/ament_index/resource_index/packages\n'}
[10.631726] (serial_pkg) StdoutLine: {'line': b'symbolically linking /home/user/robocup_ws/build/serial_pkg/resource/serial_pkg -> /home/user/robocup_ws/install/serial_pkg/share/ament_index/resource_index/packages\n'}
[10.631888] (serial_pkg) StdoutLine: {'line': b'symbolically linking /home/user/robocup_ws/build/serial_pkg/package.xml -> /home/user/robocup_ws/install/serial_pkg/share/serial_pkg\n'}
[10.705284] (-) TimerEvent: {}
[10.795403] (serial_pkg) CommandEnded: {'returncode': 0}
[10.809376] (-) TimerEvent: {}
[10.855836] (serial_pkg) JobEnded: {'identifier': 'serial_pkg', 'rc': 0}
[10.914275] (-) TimerEvent: {}
[10.930115] (realsense2_camera_msgs) StdoutLine: {'line': b'[  2%] Built target realsense2_camera_msgs__cpp\n'}
[10.993930] (realsense2_camera_msgs) StdoutLine: {'line': b'[  3%] \x1b[34m\x1b[1mGenerating C++ type support for eProsima Fast-RTPS\x1b[0m\n'}
[11.004351] (realsense2_camera_msgs) StdoutLine: {'line': b'[  4%] \x1b[34m\x1b[1mGenerating C++ type support dispatch for ROS interfaces\x1b[0m\n'}
[11.014390] (-) TimerEvent: {}
[11.059893] (realsense2_camera_msgs) StdoutLine: {'line': b'[  5%] \x1b[34m\x1b[1mGenerating C++ introspection for ROS interfaces\x1b[0m\n'}
[11.102389] (msgs_pkg) StdoutLine: {'line': b'[ 38%] \x1b[32mBuilding CXX object CMakeFiles/msgs_pkg__rosidl_typesupport_cpp.dir/rosidl_typesupport_cpp/msgs_pkg/srv/run_ws__type_support.cpp.o\x1b[0m\n'}
[11.114502] (-) TimerEvent: {}
[11.214901] (-) TimerEvent: {}
[11.316326] (-) TimerEvent: {}
[11.355355] (realsense2_camera_msgs) StdoutLine: {'line': b'[  6%] \x1b[32mBuilding C object CMakeFiles/realsense2_camera_msgs__rosidl_generator_c.dir/rosidl_generator_c/realsense2_camera_msgs/msg/detail/imu_info__functions.c.o\x1b[0m\n'}
[11.416432] (-) TimerEvent: {}
[11.420421] (msgs_pkg) StdoutLine: {'line': b'[ 40%] \x1b[32mBuilding CXX object CMakeFiles/msgs_pkg__rosidl_typesupport_fastrtps_cpp.dir/rosidl_typesupport_fastrtps_cpp/msgs_pkg/srv/detail/dds_fastrtps/run_ws__type_support.cpp.o\x1b[0m\n'}
[11.519263] (-) TimerEvent: {}
[11.529659] (msgs_pkg) StdoutLine: {'line': b'[ 42%] \x1b[32mBuilding CXX object CMakeFiles/msgs_pkg__rosidl_typesupport_fastrtps_c.dir/rosidl_typesupport_fastrtps_c/msgs_pkg/srv/detail/get_object_pose__type_support_c.cpp.o\x1b[0m\n'}
[11.619389] (-) TimerEvent: {}
[11.674325] (realsense2_camera_msgs) StdoutLine: {'line': b'[  8%] \x1b[32mBuilding C object CMakeFiles/realsense2_camera_msgs__rosidl_generator_c.dir/rosidl_generator_c/realsense2_camera_msgs/msg/detail/extrinsics__functions.c.o\x1b[0m\n'}
[11.721260] (-) TimerEvent: {}
[11.821754] (-) TimerEvent: {}
[11.922271] (-) TimerEvent: {}
[11.952491] (realsense2_camera_msgs) StdoutLine: {'line': b'[  9%] \x1b[32mBuilding C object CMakeFiles/realsense2_camera_msgs__rosidl_generator_c.dir/rosidl_generator_c/realsense2_camera_msgs/msg/detail/metadata__functions.c.o\x1b[0m\n'}
[12.023266] (-) TimerEvent: {}
[12.124275] (-) TimerEvent: {}
[12.127332] (msgs_pkg) StdoutLine: {'line': b'[ 44%] \x1b[32mBuilding CXX object CMakeFiles/msgs_pkg__rosidl_typesupport_introspection_cpp.dir/rosidl_typesupport_introspection_cpp/msgs_pkg/srv/detail/run_ws__type_support.cpp.o\x1b[0m\n'}
[12.227265] (-) TimerEvent: {}
[12.247265] (realsense2_camera_msgs) StdoutLine: {'line': b'[ 10%] \x1b[32mBuilding C object CMakeFiles/realsense2_camera_msgs__rosidl_generator_c.dir/rosidl_generator_c/realsense2_camera_msgs/msg/detail/rgbd__functions.c.o\x1b[0m\n'}
[12.329276] (-) TimerEvent: {}
[12.429692] (-) TimerEvent: {}
[12.464464] (msgs_pkg) StdoutLine: {'line': b'[ 46%] \x1b[32m\x1b[1mLinking CXX shared library libmsgs_pkg__rosidl_typesupport_cpp.so\x1b[0m\n'}
[12.529801] (-) TimerEvent: {}
[12.559290] (realsense2_camera_msgs) StdoutLine: {'line': b'[ 11%] \x1b[32mBuilding C object CMakeFiles/realsense2_camera_msgs__rosidl_generator_c.dir/rosidl_generator_c/realsense2_camera_msgs/srv/detail/device_info__functions.c.o\x1b[0m\n'}
[12.629922] (-) TimerEvent: {}
[12.663084] (msgs_pkg) StdoutLine: {'line': b'[ 46%] Built target msgs_pkg__rosidl_typesupport_cpp\n'}
[12.706794] (msgs_pkg) StdoutLine: {'line': b'[ 48%] \x1b[32mBuilding CXX object CMakeFiles/msgs_pkg__rosidl_typesupport_fastrtps_c.dir/rosidl_typesupport_fastrtps_c/msgs_pkg/srv/detail/run_ws__type_support_c.cpp.o\x1b[0m\n'}
[12.730039] (-) TimerEvent: {}
[12.802807] (realsense2_camera_msgs) StdoutLine: {'line': b'[ 12%] \x1b[32mBuilding C object CMakeFiles/realsense2_camera_msgs__rosidl_generator_c.dir/rosidl_generator_c/realsense2_camera_msgs/srv/detail/calib_config_read__functions.c.o\x1b[0m\n'}
[12.835275] (-) TimerEvent: {}
[12.935830] (-) TimerEvent: {}
[13.028340] (realsense2_camera_msgs) StdoutLine: {'line': b'[ 13%] \x1b[32mBuilding C object CMakeFiles/realsense2_camera_msgs__rosidl_generator_c.dir/rosidl_generator_c/realsense2_camera_msgs/srv/detail/calib_config_write__functions.c.o\x1b[0m\n'}
[13.035993] (-) TimerEvent: {}
[13.109403] (msgs_pkg) StdoutLine: {'line': b'[ 51%] \x1b[34m\x1b[1mGenerating C introspection for ROS interfaces\x1b[0m\n'}
[13.136109] (-) TimerEvent: {}
[13.236684] (-) TimerEvent: {}
[13.340291] (-) TimerEvent: {}
[13.346373] (realsense2_camera_msgs) StdoutLine: {'line': b'[ 14%] \x1b[32mBuilding C object CMakeFiles/realsense2_camera_msgs__rosidl_generator_c.dir/rosidl_generator_c/realsense2_camera_msgs/action/detail/triggered_calibration__functions.c.o\x1b[0m\n'}
[13.440402] (-) TimerEvent: {}
[13.540937] (-) TimerEvent: {}
[13.641481] (-) TimerEvent: {}
[13.742029] (-) TimerEvent: {}
[13.820149] (msgs_pkg) StdoutLine: {'line': b'[ 53%] \x1b[32m\x1b[1mLinking CXX shared library libmsgs_pkg__rosidl_typesupport_fastrtps_cpp.so\x1b[0m\n'}
[13.842141] (-) TimerEvent: {}
[13.942556] (-) TimerEvent: {}
[14.010104] (realsense2_camera_msgs) StdoutLine: {'line': b'[ 16%] \x1b[32m\x1b[1mLinking C shared library librealsense2_camera_msgs__rosidl_generator_c.so\x1b[0m\n'}
[14.042672] (-) TimerEvent: {}
[14.100278] (msgs_pkg) StdoutLine: {'line': b'[ 53%] Built target msgs_pkg__rosidl_typesupport_fastrtps_cpp\n'}
[14.143320] (-) TimerEvent: {}
[14.143702] (msgs_pkg) StdoutLine: {'line': b'[ 55%] \x1b[34m\x1b[1mGenerating C type support dispatch for ROS interfaces\x1b[0m\n'}
[14.208533] (realsense2_camera_msgs) StdoutLine: {'line': b'[ 16%] Built target realsense2_camera_msgs__rosidl_generator_c\n'}
[14.244380] (-) TimerEvent: {}
[14.252339] (realsense2_camera_msgs) StdoutLine: {'line': b'[ 17%] \x1b[34m\x1b[1mGenerating C type support for eProsima Fast-RTPS\x1b[0m\n'}
[14.266217] (msgs_pkg) StdoutLine: {'line': b'[ 57%] \x1b[32m\x1b[1mLinking CXX shared library libmsgs_pkg__rosidl_typesupport_fastrtps_c.so\x1b[0m\n'}
[14.344492] (-) TimerEvent: {}
[14.444907] (-) TimerEvent: {}
[14.470263] (realsense2_camera_msgs) StdoutLine: {'line': b'[ 18%] \x1b[32mBuilding CXX object CMakeFiles/realsense2_camera_msgs__rosidl_typesupport_introspection_cpp.dir/rosidl_typesupport_introspection_cpp/realsense2_camera_msgs/msg/detail/imu_info__type_support.cpp.o\x1b[0m\n'}
[14.545021] (-) TimerEvent: {}
[14.572268] (msgs_pkg) StdoutLine: {'line': b'[ 59%] \x1b[32m\x1b[1mLinking CXX shared library libmsgs_pkg__rosidl_typesupport_introspection_cpp.so\x1b[0m\n'}
[14.572562] (msgs_pkg) StdoutLine: {'line': b'[ 59%] Built target msgs_pkg__rosidl_typesupport_fastrtps_c\n'}
[14.645139] (-) TimerEvent: {}
[14.745592] (-) TimerEvent: {}
[14.775274] (realsense2_camera_msgs) StdoutLine: {'line': b'[ 19%] \x1b[32mBuilding CXX object CMakeFiles/realsense2_camera_msgs__rosidl_typesupport_cpp.dir/rosidl_typesupport_cpp/realsense2_camera_msgs/msg/imu_info__type_support.cpp.o\x1b[0m\n'}
[14.846289] (-) TimerEvent: {}
[14.884352] (msgs_pkg) StdoutLine: {'line': b'[ 59%] Built target msgs_pkg__rosidl_typesupport_introspection_cpp\n'}
[14.946399] (-) TimerEvent: {}
[15.046783] (-) TimerEvent: {}
[15.147187] (-) TimerEvent: {}
[15.250341] (-) TimerEvent: {}
[15.270367] (msgs_pkg) StdoutLine: {'line': b'[ 61%] \x1b[32mBuilding C object CMakeFiles/msgs_pkg__rosidl_typesupport_introspection_c.dir/rosidl_typesupport_introspection_c/msgs_pkg/msg/detail/object_pose__type_support.c.o\x1b[0m\n'}
[15.272778] (msgs_pkg) StdoutLine: {'line': b'[ 63%] \x1b[32mBuilding C object CMakeFiles/msgs_pkg__rosidl_typesupport_introspection_c.dir/rosidl_typesupport_introspection_c/msgs_pkg/srv/detail/get_object_pose__type_support.c.o\x1b[0m\n'}
[15.293377] (msgs_pkg) StdoutLine: {'line': b'[ 65%] \x1b[32mBuilding C object CMakeFiles/msgs_pkg__rosidl_typesupport_introspection_c.dir/rosidl_typesupport_introspection_c/msgs_pkg/srv/detail/run_ws__type_support.c.o\x1b[0m\n'}
[15.350464] (-) TimerEvent: {}
[15.453274] (-) TimerEvent: {}
[15.478336] (msgs_pkg) StdoutLine: {'line': b'[ 68%] \x1b[32mBuilding CXX object CMakeFiles/msgs_pkg__rosidl_typesupport_c.dir/rosidl_typesupport_c/msgs_pkg/msg/object_pose__type_support.cpp.o\x1b[0m\n'}
[15.496339] (msgs_pkg) StdoutLine: {'line': b'[ 70%] \x1b[32mBuilding CXX object CMakeFiles/msgs_pkg__rosidl_typesupport_c.dir/rosidl_typesupport_c/msgs_pkg/srv/run_ws__type_support.cpp.o\x1b[0m\n'}
[15.497917] (msgs_pkg) StdoutLine: {'line': b'[ 72%] \x1b[32m\x1b[1mLinking C shared library libmsgs_pkg__rosidl_typesupport_introspection_c.so\x1b[0m\n'}
[15.515129] (msgs_pkg) StdoutLine: {'line': b'[ 74%] \x1b[32mBuilding CXX object CMakeFiles/msgs_pkg__rosidl_typesupport_c.dir/rosidl_typesupport_c/msgs_pkg/srv/get_object_pose__type_support.cpp.o\x1b[0m\n'}
[15.553382] (-) TimerEvent: {}
[15.649266] (msgs_pkg) StdoutLine: {'line': b'[ 74%] Built target msgs_pkg__rosidl_typesupport_introspection_c\n'}
[15.655272] (-) TimerEvent: {}
[15.657391] (msgs_pkg) StdoutLine: {'line': b'[ 76%] \x1b[32m\x1b[1mLinking CXX shared library libmsgs_pkg__rosidl_typesupport_c.so\x1b[0m\n'}
[15.755378] (-) TimerEvent: {}
[15.759658] (msgs_pkg) StdoutLine: {'line': b'[ 76%] Built target msgs_pkg__rosidl_typesupport_c\n'}
[15.763352] (realsense2_camera_msgs) StdoutLine: {'line': b'[ 20%] \x1b[32mBuilding CXX object CMakeFiles/realsense2_camera_msgs__rosidl_typesupport_introspection_cpp.dir/rosidl_typesupport_introspection_cpp/realsense2_camera_msgs/msg/detail/extrinsics__type_support.cpp.o\x1b[0m\n'}
[15.805341] (msgs_pkg) StdoutLine: {'line': b'[ 76%] Built target msgs_pkg\n'}
[15.852166] (msgs_pkg) StdoutLine: {'line': b'[ 78%] \x1b[34m\x1b[1mGenerating Python code for ROS interfaces\x1b[0m\n'}
[15.855482] (-) TimerEvent: {}
[15.869143] (realsense2_camera_msgs) StdoutLine: {'line': b'[ 21%] \x1b[32mBuilding CXX object CMakeFiles/realsense2_camera_msgs__rosidl_typesupport_cpp.dir/rosidl_typesupport_cpp/realsense2_camera_msgs/msg/extrinsics__type_support.cpp.o\x1b[0m\n'}
[15.955598] (-) TimerEvent: {}
[16.056144] (-) TimerEvent: {}
[16.161137] (-) TimerEvent: {}
[16.261672] (-) TimerEvent: {}
[16.362225] (-) TimerEvent: {}
[16.462768] (-) TimerEvent: {}
[16.564272] (-) TimerEvent: {}
[16.664813] (-) TimerEvent: {}
[16.688346] (realsense2_camera_msgs) StdoutLine: {'line': b'[ 22%] \x1b[32mBuilding CXX object CMakeFiles/realsense2_camera_msgs__rosidl_typesupport_fastrtps_cpp.dir/rosidl_typesupport_fastrtps_cpp/realsense2_camera_msgs/msg/detail/dds_fastrtps/imu_info__type_support.cpp.o\x1b[0m\n'}
[16.764927] (-) TimerEvent: {}
[16.801569] (realsense2_camera_msgs) StdoutLine: {'line': b'[ 24%] \x1b[32mBuilding CXX object CMakeFiles/realsense2_camera_msgs__rosidl_typesupport_cpp.dir/rosidl_typesupport_cpp/realsense2_camera_msgs/msg/metadata__type_support.cpp.o\x1b[0m\n'}
[16.801934] (realsense2_camera_msgs) StdoutLine: {'line': b'[ 25%] \x1b[32mBuilding CXX object CMakeFiles/realsense2_camera_msgs__rosidl_typesupport_introspection_cpp.dir/rosidl_typesupport_introspection_cpp/realsense2_camera_msgs/msg/detail/metadata__type_support.cpp.o\x1b[0m\n'}
[16.865717] (-) TimerEvent: {}
[16.967272] (-) TimerEvent: {}
[17.067703] (-) TimerEvent: {}
[17.168078] (-) TimerEvent: {}
[17.268470] (-) TimerEvent: {}
[17.371272] (-) TimerEvent: {}
[17.471856] (-) TimerEvent: {}
[17.572401] (-) TimerEvent: {}
[17.672964] (-) TimerEvent: {}
[17.730847] (realsense2_camera_msgs) StdoutLine: {'line': b'[ 26%] \x1b[32mBuilding CXX object CMakeFiles/realsense2_camera_msgs__rosidl_typesupport_introspection_cpp.dir/rosidl_typesupport_introspection_cpp/realsense2_camera_msgs/msg/detail/rgbd__type_support.cpp.o\x1b[0m\n'}
[17.754167] (realsense2_camera_msgs) StdoutLine: {'line': b'[ 27%] \x1b[32mBuilding CXX object CMakeFiles/realsense2_camera_msgs__rosidl_typesupport_cpp.dir/rosidl_typesupport_cpp/realsense2_camera_msgs/msg/rgbd__type_support.cpp.o\x1b[0m\n'}
[17.775377] (-) TimerEvent: {}
[17.875842] (-) TimerEvent: {}
[17.977435] (-) TimerEvent: {}
[18.027272] (realsense2_camera_msgs) StdoutLine: {'line': b'[ 28%] \x1b[32mBuilding CXX object CMakeFiles/realsense2_camera_msgs__rosidl_typesupport_fastrtps_cpp.dir/rosidl_typesupport_fastrtps_cpp/realsense2_camera_msgs/msg/detail/dds_fastrtps/extrinsics__type_support.cpp.o\x1b[0m\n'}
[18.077558] (-) TimerEvent: {}
[18.088555] (realsense2_camera_msgs) StdoutLine: {'line': b'[ 29%] \x1b[32mBuilding CXX object CMakeFiles/realsense2_camera_msgs__rosidl_typesupport_fastrtps_c.dir/rosidl_typesupport_fastrtps_c/realsense2_camera_msgs/msg/detail/imu_info__type_support_c.cpp.o\x1b[0m\n'}
[18.177666] (-) TimerEvent: {}
[18.278062] (-) TimerEvent: {}
[18.379338] (-) TimerEvent: {}
[18.477399] (msgs_pkg) StdoutLine: {'line': b'[ 78%] Built target msgs_pkg__py\n'}
[18.479452] (-) TimerEvent: {}
[18.556305] (msgs_pkg) StdoutLine: {'line': b'[ 80%] \x1b[32mBuilding C object CMakeFiles/msgs_pkg__rosidl_generator_py.dir/rosidl_generator_py/msgs_pkg/srv/_get_object_pose_s.c.o\x1b[0m\n'}
[18.572883] (msgs_pkg) StdoutLine: {'line': b'[ 82%] \x1b[32mBuilding C object CMakeFiles/msgs_pkg__rosidl_generator_py.dir/rosidl_generator_py/msgs_pkg/srv/_run_ws_s.c.o\x1b[0m\n'}
[18.575284] (msgs_pkg) StdoutLine: {'line': b'[ 85%] \x1b[32mBuilding C object CMakeFiles/msgs_pkg__rosidl_generator_py.dir/rosidl_generator_py/msgs_pkg/msg/_object_pose_s.c.o\x1b[0m\n'}
[18.581288] (-) TimerEvent: {}
[18.684291] (-) TimerEvent: {}
[18.785437] (-) TimerEvent: {}
[18.853955] (realsense2_camera_msgs) StdoutLine: {'line': b'[ 31%] \x1b[32mBuilding CXX object CMakeFiles/realsense2_camera_msgs__rosidl_typesupport_cpp.dir/rosidl_typesupport_cpp/realsense2_camera_msgs/srv/device_info__type_support.cpp.o\x1b[0m\n'}
[18.885559] (-) TimerEvent: {}
[18.988280] (-) TimerEvent: {}
[19.089283] (-) TimerEvent: {}
[19.148345] (realsense2_camera_msgs) StdoutLine: {'line': b'[ 32%] \x1b[32mBuilding CXX object CMakeFiles/realsense2_camera_msgs__rosidl_typesupport_introspection_cpp.dir/rosidl_typesupport_introspection_cpp/realsense2_camera_msgs/srv/detail/device_info__type_support.cpp.o\x1b[0m\n'}
[19.158374] (msgs_pkg) StdoutLine: {'line': b'[ 87%] \x1b[32m\x1b[1mLinking C shared library rosidl_generator_py/msgs_pkg/libmsgs_pkg__rosidl_generator_py.so\x1b[0m\n'}
[19.189396] (-) TimerEvent: {}
[19.196948] (realsense2_camera_msgs) StdoutLine: {'line': b'[ 33%] \x1b[32mBuilding CXX object CMakeFiles/realsense2_camera_msgs__rosidl_typesupport_fastrtps_cpp.dir/rosidl_typesupport_fastrtps_cpp/realsense2_camera_msgs/msg/detail/dds_fastrtps/metadata__type_support.cpp.o\x1b[0m\n'}
[19.289533] (-) TimerEvent: {}
[19.365221] (msgs_pkg) StdoutLine: {'line': b'[ 87%] Built target msgs_pkg__rosidl_generator_py\n'}
[19.392272] (-) TimerEvent: {}
[19.455930] (msgs_pkg) StdoutLine: {'line': b'[ 89%] \x1b[32mBuilding C object CMakeFiles/msgs_pkg__rosidl_typesupport_fastrtps_c__pyext.dir/rosidl_generator_py/msgs_pkg/_msgs_pkg_s.ep.rosidl_typesupport_fastrtps_c.c.o\x1b[0m\n'}
[19.457941] (msgs_pkg) StdoutLine: {'line': b'[ 91%] \x1b[32mBuilding C object CMakeFiles/msgs_pkg__rosidl_typesupport_c__pyext.dir/rosidl_generator_py/msgs_pkg/_msgs_pkg_s.ep.rosidl_typesupport_c.c.o\x1b[0m\n'}
[19.458247] (msgs_pkg) StdoutLine: {'line': b'[ 93%] \x1b[32mBuilding C object CMakeFiles/msgs_pkg__rosidl_typesupport_introspection_c__pyext.dir/rosidl_generator_py/msgs_pkg/_msgs_pkg_s.ep.rosidl_typesupport_introspection_c.c.o\x1b[0m\n'}
[19.496482] (-) TimerEvent: {}
[19.556344] (realsense2_camera_msgs) StdoutLine: {'line': b'[ 34%] \x1b[32mBuilding CXX object CMakeFiles/realsense2_camera_msgs__rosidl_typesupport_fastrtps_c.dir/rosidl_typesupport_fastrtps_c/realsense2_camera_msgs/msg/detail/extrinsics__type_support_c.cpp.o\x1b[0m\n'}
[19.598279] (-) TimerEvent: {}
[19.698694] (-) TimerEvent: {}
[19.801277] (-) TimerEvent: {}
[19.894346] (msgs_pkg) StdoutLine: {'line': b'[ 95%] \x1b[32m\x1b[1mLinking C shared library rosidl_generator_py/msgs_pkg/msgs_pkg_s__rosidl_typesupport_c.cpython-310-x86_64-linux-gnu.so\x1b[0m\n'}
[19.901395] (-) TimerEvent: {}
[20.001861] (-) TimerEvent: {}
[20.002330] (msgs_pkg) StdoutLine: {'line': b'[ 97%] \x1b[32m\x1b[1mLinking C shared library rosidl_generator_py/msgs_pkg/msgs_pkg_s__rosidl_typesupport_introspection_c.cpython-310-x86_64-linux-gnu.so\x1b[0m\n'}
[20.008405] (msgs_pkg) StdoutLine: {'line': b'[ 97%] Built target msgs_pkg__rosidl_typesupport_c__pyext\n'}
[20.086889] (msgs_pkg) StdoutLine: {'line': b'[ 97%] Built target msgs_pkg__rosidl_typesupport_introspection_c__pyext\n'}
[20.102026] (-) TimerEvent: {}
[20.145319] (msgs_pkg) StdoutLine: {'line': b'[100%] \x1b[32m\x1b[1mLinking C shared library rosidl_generator_py/msgs_pkg/msgs_pkg_s__rosidl_typesupport_fastrtps_c.cpython-310-x86_64-linux-gnu.so\x1b[0m\n'}
[20.164270] (realsense2_camera_msgs) StdoutLine: {'line': b'[ 35%] \x1b[32mBuilding CXX object CMakeFiles/realsense2_camera_msgs__rosidl_typesupport_cpp.dir/rosidl_typesupport_cpp/realsense2_camera_msgs/srv/calib_config_read__type_support.cpp.o\x1b[0m\n'}
[20.202149] (-) TimerEvent: {}
[20.303494] (-) TimerEvent: {}
[20.320219] (msgs_pkg) StdoutLine: {'line': b'[100%] Built target msgs_pkg__rosidl_typesupport_fastrtps_c__pyext\n'}
[20.376346] (msgs_pkg) CommandEnded: {'returncode': 0}
[20.377228] (msgs_pkg) JobProgress: {'identifier': 'msgs_pkg', 'progress': 'install'}
[20.406276] (-) TimerEvent: {}
[20.411234] (realsense2_camera_msgs) StdoutLine: {'line': b'[ 36%] \x1b[32mBuilding CXX object CMakeFiles/realsense2_camera_msgs__rosidl_typesupport_introspection_cpp.dir/rosidl_typesupport_introspection_cpp/realsense2_camera_msgs/srv/detail/calib_config_read__type_support.cpp.o\x1b[0m\n'}
[20.421535] (msgs_pkg) Command: {'cmd': ['/usr/bin/cmake', '--install', '/home/user/robocup_ws/build/msgs_pkg'], 'cwd': '/home/user/robocup_ws/build/msgs_pkg', 'env': OrderedDict([('LESSOPEN', '| /usr/bin/lesspipe %s'), ('USER', 'user'), ('LC_TIME', 'ko_KR.UTF-8'), ('XDG_SESSION_TYPE', 'wayland'), ('SHLVL', '1'), ('LD_LIBRARY_PATH', '/opt/ros/humble/opt/rviz_ogre_vendor/lib:/opt/ros/humble/lib/x86_64-linux-gnu:/opt/ros/humble/lib::/usr/lib/x86_64-linux-gnu/gazebo-11/plugins::/usr/lib/x86_64-linux-gnu/gazebo-11/plugins:/usr/lib/x86_64-linux-gnu/gazebo-11/plugins:'), ('HOME', '/home/user'), ('OLDPWD', '/home/user/robocup_ws/src'), ('DESKTOP_SESSION', 'ubuntu'), ('GAZEBO_MASTER_URI', 'http://localhost:11345'), ('ROS_PYTHON_VERSION', '3'), ('GNOME_SHELL_SESSION_MODE', 'ubuntu'), ('GTK_MODULES', 'gail:atk-bridge'), ('LC_MONETARY', 'ko_KR.UTF-8'), ('MANAGERPID', '914'), ('SYSTEMD_EXEC_PID', '1382'), ('DBUS_SESSION_BUS_ADDRESS', 'unix:path=/run/user/1000/bus'), ('COLORTERM', 'truecolor'), ('TERMINATOR_DBUS_NAME', 'net.tenshu.Terminator25ef4b219e3b005583550f2b0f9f990c3'), ('GIO_LAUNCHED_DESKTOP_FILE_PID', '50397'), ('IM_CONFIG_PHASE', '1'), ('WAYLAND_DISPLAY', 'wayland-0'), ('ROS_DISTRO', 'humble'), ('LOGNAME', 'user'), ('JOURNAL_STREAM', '8:12562'), ('_', '/usr/bin/colcon'), ('ROS_VERSION', '2'), ('XDG_SESSION_CLASS', 'user'), ('USERNAME', 'user'), ('TERM', 'xterm-256color'), ('GAZEBO_MODEL_PATH', '/usr/share/gazebo-11/models:/usr/share/gazebo-11/models:'), ('GNOME_DESKTOP_SESSION_ID', 'this-is-deprecated'), ('ROS_LOCALHOST_ONLY', '0'), ('OGRE_RESOURCE_PATH', '/usr/lib/x86_64-linux-gnu/OGRE-1.9.0'), ('PATH', '/opt/ros/humble/bin:/home/user/.local/bin:/usr/local/sbin:/usr/local/bin:/usr/sbin:/usr/bin:/sbin:/bin:/usr/games:/usr/local/games:/snap/bin:/snap/bin'), ('SESSION_MANAGER', 'local/user-15Z970-GA3HK:@/tmp/.ICE-unix/1044,unix/user-15Z970-GA3HK:/tmp/.ICE-unix/1044'), ('INVOCATION_ID', 'f2801b7b6e2f4da9938183836f083396'), ('XDG_MENU_PREFIX', 'gnome-'), ('LC_ADDRESS', 'ko_KR.UTF-8'), ('GNOME_SETUP_DISPLAY', ':1'), ('XDG_RUNTIME_DIR', '/run/user/1000'), ('DISPLAY', ':0'), ('TERMINATOR_DBUS_PATH', '/net/tenshu/Terminator2'), ('LANG', 'en_US.UTF-8'), ('XDG_CURRENT_DESKTOP', 'ubuntu:GNOME'), ('IBUS_DISABLE_SNOOPER', '1'), ('LC_TELEPHONE', 'ko_KR.UTF-8'), ('XMODIFIERS', '@im=ibus'), ('XDG_SESSION_DESKTOP', 'ubuntu'), ('XAUTHORITY', '/run/user/1000/.mutter-Xwaylandauth.5U12J3'), ('LS_COLORS', 'rs=0:di=01;34:ln=01;36:mh=00:pi=40;33:so=01;35:do=01;35:bd=40;33;01:cd=40;33;01:or=40;31;01:mi=00:su=37;41:sg=30;43:ca=30;41:tw=30;42:ow=34;42:st=37;44:ex=01;32:*.tar=01;31:*.tgz=01;31:*.arc=01;31:*.arj=01;31:*.taz=01;31:*.lha=01;31:*.lz4=01;31:*.lzh=01;31:*.lzma=01;31:*.tlz=01;31:*.txz=01;31:*.tzo=01;31:*.t7z=01;31:*.zip=01;31:*.z=01;31:*.dz=01;31:*.gz=01;31:*.lrz=01;31:*.lz=01;31:*.lzo=01;31:*.xz=01;31:*.zst=01;31:*.tzst=01;31:*.bz2=01;31:*.bz=01;31:*.tbz=01;31:*.tbz2=01;31:*.tz=01;31:*.deb=01;31:*.rpm=01;31:*.jar=01;31:*.war=01;31:*.ear=01;31:*.sar=01;31:*.rar=01;31:*.alz=01;31:*.ace=01;31:*.zoo=01;31:*.cpio=01;31:*.7z=01;31:*.rz=01;31:*.cab=01;31:*.wim=01;31:*.swm=01;31:*.dwm=01;31:*.esd=01;31:*.jpg=01;35:*.jpeg=01;35:*.mjpg=01;35:*.mjpeg=01;35:*.gif=01;35:*.bmp=01;35:*.pbm=01;35:*.pgm=01;35:*.ppm=01;35:*.tga=01;35:*.xbm=01;35:*.xpm=01;35:*.tif=01;35:*.tiff=01;35:*.png=01;35:*.svg=01;35:*.svgz=01;35:*.mng=01;35:*.pcx=01;35:*.mov=01;35:*.mpg=01;35:*.mpeg=01;35:*.m2v=01;35:*.mkv=01;35:*.webm=01;35:*.webp=01;35:*.ogm=01;35:*.mp4=01;35:*.m4v=01;35:*.mp4v=01;35:*.vob=01;35:*.qt=01;35:*.nuv=01;35:*.wmv=01;35:*.asf=01;35:*.rm=01;35:*.rmvb=01;35:*.flc=01;35:*.avi=01;35:*.fli=01;35:*.flv=01;35:*.gl=01;35:*.dl=01;35:*.xcf=01;35:*.xwd=01;35:*.yuv=01;35:*.cgm=01;35:*.emf=01;35:*.ogv=01;35:*.ogx=01;35:*.aac=00;36:*.au=00;36:*.flac=00;36:*.m4a=00;36:*.mid=00;36:*.midi=00;36:*.mka=00;36:*.mp3=00;36:*.mpc=00;36:*.ogg=00;36:*.ra=00;36:*.wav=00;36:*.oga=00;36:*.opus=00;36:*.spx=00;36:*.xspf=00;36:'), ('SSH_AGENT_LAUNCHER', 'gnome-keyring'), ('SSH_AUTH_SOCK', '/run/user/1000/keyring/ssh'), ('ROS_DOMAIN_ID', '35'), ('AMENT_PREFIX_PATH', '/opt/ros/humble'), ('SHELL', '/bin/bash'), ('LC_NAME', 'ko_KR.UTF-8'), ('TERMINATOR_UUID', 'urn:uuid:87b7c693-7af3-489e-af03-8fb9beab4f2f'), ('QT_ACCESSIBILITY', '1'), ('GDMSESSION', 'ubuntu'), ('LESSCLOSE', '/usr/bin/lesspipe %s %s'), ('LC_MEASUREMENT', 'ko_KR.UTF-8'), ('GAZEBO_RESOURCE_PATH', '/usr/share/gazebo-11:/usr/share/gazebo-11:'), ('LC_IDENTIFICATION', 'ko_KR.UTF-8'), ('GAZEBO_MODEL_DATABASE_URI', 'http://models.gazebosim.org'), ('QT_IM_MODULE', 'ibus'), ('PWD', '/home/user/robocup_ws/build/msgs_pkg'), ('LC_ALL', 'en_US.UTF-8'), ('XDG_CONFIG_DIRS', '/etc/xdg/xdg-ubuntu:/etc/xdg'), ('GAZEBO_PLUGIN_PATH', '/usr/lib/x86_64-linux-gnu/gazebo-11/plugins:/usr/lib/x86_64-linux-gnu/gazebo-11/plugins:'), ('XDG_DATA_DIRS', '/usr/share/ubuntu:/usr/local/share/:/usr/share/:/var/lib/snapd/desktop'), ('PYTHONPATH', '/opt/ros/humble/lib/python3.10/site-packages:/opt/ros/humble/local/lib/python3.10/dist-packages'), ('LC_NUMERIC', 'ko_KR.UTF-8'), ('LC_PAPER', 'ko_KR.UTF-8'), ('COLCON', '1'), ('VTE_VERSION', '6800'), ('CMAKE_PREFIX_PATH', '/opt/ros/humble')]), 'shell': False}
[20.440318] (msgs_pkg) StdoutLine: {'line': b'-- Install configuration: ""\n'}
[20.441644] (msgs_pkg) StdoutLine: {'line': b'-- Execute custom install script\n'}
[20.446293] (msgs_pkg) StdoutLine: {'line': b'-- Symlinking: /home/user/robocup_ws/install/msgs_pkg/share/ament_index/resource_index/rosidl_interfaces/msgs_pkg\n'}
[20.464341] (msgs_pkg) StdoutLine: {'line': b'-- Symlinking: /home/user/robocup_ws/install/msgs_pkg/include/msgs_pkg/msgs_pkg/msg/detail/object_pose__functions.h\n'}
[20.485958] (msgs_pkg) StdoutLine: {'line': b'-- Symlinking: /home/user/robocup_ws/install/msgs_pkg/include/msgs_pkg/msgs_pkg/msg/detail/object_pose__struct.h\n'}
[20.505962] (msgs_pkg) StdoutLine: {'line': b'-- Symlinking: /home/user/robocup_ws/install/msgs_pkg/include/msgs_pkg/msgs_pkg/msg/detail/object_pose__type_support.h\n'}
[20.509282] (-) TimerEvent: {}
[20.526923] (msgs_pkg) StdoutLine: {'line': b'-- Symlinking: /home/user/robocup_ws/install/msgs_pkg/include/msgs_pkg/msgs_pkg/msg/object_pose.h\n'}
[20.551328] (msgs_pkg) StdoutLine: {'line': b'-- Symlinking: /home/user/robocup_ws/install/msgs_pkg/include/msgs_pkg/msgs_pkg/msg/rosidl_generator_c__visibility_control.h\n'}
[20.559422] (realsense2_camera_msgs) StdoutLine: {'line': b'[ 37%] \x1b[32mBuilding CXX object CMakeFiles/realsense2_camera_msgs__rosidl_typesupport_fastrtps_cpp.dir/rosidl_typesupport_fastrtps_cpp/realsense2_camera_msgs/msg/detail/dds_fastrtps/rgbd__type_support.cpp.o\x1b[0m\n'}
[20.574367] (msgs_pkg) StdoutLine: {'line': b'-- Symlinking: /home/user/robocup_ws/install/msgs_pkg/include/msgs_pkg/msgs_pkg/srv/detail/get_object_pose__functions.h\n'}
[20.592036] (msgs_pkg) StdoutLine: {'line': b'-- Symlinking: /home/user/robocup_ws/install/msgs_pkg/include/msgs_pkg/msgs_pkg/srv/detail/get_object_pose__struct.h\n'}
[20.609397] (-) TimerEvent: {}
[20.612031] (msgs_pkg) StdoutLine: {'line': b'-- Symlinking: /home/user/robocup_ws/install/msgs_pkg/include/msgs_pkg/msgs_pkg/srv/detail/get_object_pose__type_support.h\n'}
[20.633701] (msgs_pkg) StdoutLine: {'line': b'-- Symlinking: /home/user/robocup_ws/install/msgs_pkg/include/msgs_pkg/msgs_pkg/srv/detail/run_ws__functions.h\n'}
[20.657181] (msgs_pkg) StdoutLine: {'line': b'-- Symlinking: /home/user/robocup_ws/install/msgs_pkg/include/msgs_pkg/msgs_pkg/srv/detail/run_ws__struct.h\n'}
[20.678884] (msgs_pkg) StdoutLine: {'line': b'-- Symlinking: /home/user/robocup_ws/install/msgs_pkg/include/msgs_pkg/msgs_pkg/srv/detail/run_ws__type_support.h\n'}
[20.699599] (msgs_pkg) StdoutLine: {'line': b'-- Symlinking: /home/user/robocup_ws/install/msgs_pkg/include/msgs_pkg/msgs_pkg/srv/get_object_pose.h\n'}
[20.710350] (-) TimerEvent: {}
[20.721192] (msgs_pkg) StdoutLine: {'line': b'-- Symlinking: /home/user/robocup_ws/install/msgs_pkg/include/msgs_pkg/msgs_pkg/srv/run_ws.h\n'}
[20.758334] (msgs_pkg) StdoutLine: {'line': b'-- Symlinking: /home/user/robocup_ws/install/msgs_pkg/share/msgs_pkg/environment/library_path.sh\n'}
[20.788285] (realsense2_camera_msgs) StdoutLine: {'line': b'[ 39%] \x1b[32mBuilding CXX object CMakeFiles/realsense2_camera_msgs__rosidl_typesupport_fastrtps_c.dir/rosidl_typesupport_fastrtps_c/realsense2_camera_msgs/msg/detail/metadata__type_support_c.cpp.o\x1b[0m\n'}
[20.788832] (msgs_pkg) StdoutLine: {'line': b'-- Symlinking: /home/user/robocup_ws/install/msgs_pkg/share/msgs_pkg/environment/library_path.dsv\n'}
[20.810471] (-) TimerEvent: {}
[20.837212] (msgs_pkg) StdoutLine: {'line': b'-- Symlinking: /home/user/robocup_ws/install/msgs_pkg/include/msgs_pkg/msgs_pkg/msg/detail/object_pose__rosidl_typesupport_fastrtps_c.h\n'}
[20.876353] (msgs_pkg) StdoutLine: {'line': b'-- Symlinking: /home/user/robocup_ws/install/msgs_pkg/include/msgs_pkg/msgs_pkg/msg/rosidl_typesupport_fastrtps_c__visibility_control.h\n'}
[20.910587] (-) TimerEvent: {}
[20.916718] (msgs_pkg) StdoutLine: {'line': b'-- Symlinking: /home/user/robocup_ws/install/msgs_pkg/include/msgs_pkg/msgs_pkg/srv/detail/get_object_pose__rosidl_typesupport_fastrtps_c.h\n'}
[20.958286] (msgs_pkg) StdoutLine: {'line': b'-- Symlinking: /home/user/robocup_ws/install/msgs_pkg/include/msgs_pkg/msgs_pkg/srv/detail/run_ws__rosidl_typesupport_fastrtps_c.h\n'}
[20.993695] (msgs_pkg) StdoutLine: {'line': b'-- Symlinking: /home/user/robocup_ws/install/msgs_pkg/include/msgs_pkg/msgs_pkg/msg/detail/object_pose__rosidl_typesupport_introspection_c.h\n'}
[21.012283] (-) TimerEvent: {}
[21.014364] (msgs_pkg) StdoutLine: {'line': b'-- Symlinking: /home/user/robocup_ws/install/msgs_pkg/include/msgs_pkg/msgs_pkg/msg/rosidl_typesupport_introspection_c__visibility_control.h\n'}
[21.036278] (msgs_pkg) StdoutLine: {'line': b'-- Symlinking: /home/user/robocup_ws/install/msgs_pkg/include/msgs_pkg/msgs_pkg/srv/detail/get_object_pose__rosidl_typesupport_introspection_c.h\n'}
[21.056439] (msgs_pkg) StdoutLine: {'line': b'-- Symlinking: /home/user/robocup_ws/install/msgs_pkg/include/msgs_pkg/msgs_pkg/srv/detail/run_ws__rosidl_typesupport_introspection_c.h\n'}
[21.097290] (msgs_pkg) StdoutLine: {'line': b'-- Symlinking: /home/user/robocup_ws/install/msgs_pkg/include/msgs_pkg/msgs_pkg/msg/detail/object_pose__builder.hpp\n'}
[21.097610] (realsense2_camera_msgs) StdoutLine: {'line': b'[ 40%] \x1b[32mBuilding CXX object CMakeFiles/realsense2_camera_msgs__rosidl_typesupport_cpp.dir/rosidl_typesupport_cpp/realsense2_camera_msgs/srv/calib_config_write__type_support.cpp.o\x1b[0m\n'}
[21.114277] (-) TimerEvent: {}
[21.130853] (msgs_pkg) StdoutLine: {'line': b'-- Symlinking: /home/user/robocup_ws/install/msgs_pkg/include/msgs_pkg/msgs_pkg/msg/detail/object_pose__struct.hpp\n'}
[21.157723] (msgs_pkg) StdoutLine: {'line': b'-- Symlinking: /home/user/robocup_ws/install/msgs_pkg/include/msgs_pkg/msgs_pkg/msg/detail/object_pose__traits.hpp\n'}
[21.179070] (msgs_pkg) StdoutLine: {'line': b'-- Symlinking: /home/user/robocup_ws/install/msgs_pkg/include/msgs_pkg/msgs_pkg/msg/detail/object_pose__type_support.hpp\n'}
[21.199898] (msgs_pkg) StdoutLine: {'line': b'-- Symlinking: /home/user/robocup_ws/install/msgs_pkg/include/msgs_pkg/msgs_pkg/msg/object_pose.hpp\n'}
[21.214474] (-) TimerEvent: {}
[21.221971] (msgs_pkg) StdoutLine: {'line': b'-- Symlinking: /home/user/robocup_ws/install/msgs_pkg/include/msgs_pkg/msgs_pkg/msg/rosidl_generator_cpp__visibility_control.hpp\n'}
[21.244376] (msgs_pkg) StdoutLine: {'line': b'-- Symlinking: /home/user/robocup_ws/install/msgs_pkg/include/msgs_pkg/msgs_pkg/srv/detail/get_object_pose__builder.hpp\n'}
[21.265390] (msgs_pkg) StdoutLine: {'line': b'-- Symlinking: /home/user/robocup_ws/install/msgs_pkg/include/msgs_pkg/msgs_pkg/srv/detail/get_object_pose__struct.hpp\n'}
[21.285958] (msgs_pkg) StdoutLine: {'line': b'-- Symlinking: /home/user/robocup_ws/install/msgs_pkg/include/msgs_pkg/msgs_pkg/srv/detail/get_object_pose__traits.hpp\n'}
[21.307017] (msgs_pkg) StdoutLine: {'line': b'-- Symlinking: /home/user/robocup_ws/install/msgs_pkg/include/msgs_pkg/msgs_pkg/srv/detail/get_object_pose__type_support.hpp\n'}
[21.317288] (-) TimerEvent: {}
[21.330346] (msgs_pkg) StdoutLine: {'line': b'-- Symlinking: /home/user/robocup_ws/install/msgs_pkg/include/msgs_pkg/msgs_pkg/srv/detail/run_ws__builder.hpp\n'}
[21.350934] (msgs_pkg) StdoutLine: {'line': b'-- Symlinking: /home/user/robocup_ws/install/msgs_pkg/include/msgs_pkg/msgs_pkg/srv/detail/run_ws__struct.hpp\n'}
[21.372144] (msgs_pkg) StdoutLine: {'line': b'-- Symlinking: /home/user/robocup_ws/install/msgs_pkg/include/msgs_pkg/msgs_pkg/srv/detail/run_ws__traits.hpp\n'}
[21.395096] (msgs_pkg) StdoutLine: {'line': b'-- Symlinking: /home/user/robocup_ws/install/msgs_pkg/include/msgs_pkg/msgs_pkg/srv/detail/run_ws__type_support.hpp\n'}
[21.416335] (msgs_pkg) StdoutLine: {'line': b'-- Symlinking: /home/user/robocup_ws/install/msgs_pkg/include/msgs_pkg/msgs_pkg/srv/get_object_pose.hpp\n'}
[21.419352] (-) TimerEvent: {}
[21.437270] (msgs_pkg) StdoutLine: {'line': b'-- Symlinking: /home/user/robocup_ws/install/msgs_pkg/include/msgs_pkg/msgs_pkg/srv/run_ws.hpp\n'}
[21.459706] (msgs_pkg) StdoutLine: {'line': b'-- Symlinking: /home/user/robocup_ws/install/msgs_pkg/include/msgs_pkg/msgs_pkg/msg/detail/object_pose__rosidl_typesupport_fastrtps_cpp.hpp\n'}
[21.481065] (msgs_pkg) StdoutLine: {'line': b'-- Symlinking: /home/user/robocup_ws/install/msgs_pkg/include/msgs_pkg/msgs_pkg/msg/rosidl_typesupport_fastrtps_cpp__visibility_control.h\n'}
[21.502017] (msgs_pkg) StdoutLine: {'line': b'-- Symlinking: /home/user/robocup_ws/install/msgs_pkg/include/msgs_pkg/msgs_pkg/srv/detail/get_object_pose__rosidl_typesupport_fastrtps_cpp.hpp\n'}
[21.521301] (-) TimerEvent: {}
[21.523188] (msgs_pkg) StdoutLine: {'line': b'-- Symlinking: /home/user/robocup_ws/install/msgs_pkg/include/msgs_pkg/msgs_pkg/srv/detail/run_ws__rosidl_typesupport_fastrtps_cpp.hpp\n'}
[21.544734] (msgs_pkg) StdoutLine: {'line': b'-- Symlinking: /home/user/robocup_ws/install/msgs_pkg/include/msgs_pkg/msgs_pkg/msg/detail/object_pose__rosidl_typesupport_introspection_cpp.hpp\n'}
[21.566038] (msgs_pkg) StdoutLine: {'line': b'-- Symlinking: /home/user/robocup_ws/install/msgs_pkg/include/msgs_pkg/msgs_pkg/srv/detail/get_object_pose__rosidl_typesupport_introspection_cpp.hpp\n'}
[21.591277] (msgs_pkg) StdoutLine: {'line': b'-- Symlinking: /home/user/robocup_ws/install/msgs_pkg/include/msgs_pkg/msgs_pkg/srv/detail/run_ws__rosidl_typesupport_introspection_cpp.hpp\n'}
[21.608253] (msgs_pkg) StdoutLine: {'line': b'-- Symlinking: /home/user/robocup_ws/install/msgs_pkg/share/msgs_pkg/environment/pythonpath.sh\n'}
[21.614376] (realsense2_camera_msgs) StdoutLine: {'line': b'[ 41%] \x1b[32mBuilding CXX object CMakeFiles/realsense2_camera_msgs__rosidl_typesupport_fastrtps_cpp.dir/rosidl_typesupport_fastrtps_cpp/realsense2_camera_msgs/srv/detail/dds_fastrtps/device_info__type_support.cpp.o\x1b[0m\n'}
[21.621421] (-) TimerEvent: {}
[21.630515] (msgs_pkg) StdoutLine: {'line': b'-- Symlinking: /home/user/robocup_ws/install/msgs_pkg/share/msgs_pkg/environment/pythonpath.dsv\n'}
[21.653940] (msgs_pkg) StdoutLine: {'line': b'-- Symlinking: /home/user/robocup_ws/install/msgs_pkg/local/lib/python3.10/dist-packages/msgs_pkg-0.0.0-py3.10.egg-info/PKG-INFO\n'}
[21.658186] (realsense2_camera_msgs) StdoutLine: {'line': b'[ 42%] \x1b[32mBuilding CXX object CMakeFiles/realsense2_camera_msgs__rosidl_typesupport_fastrtps_c.dir/rosidl_typesupport_fastrtps_c/realsense2_camera_msgs/msg/detail/rgbd__type_support_c.cpp.o\x1b[0m\n'}
[21.675709] (msgs_pkg) StdoutLine: {'line': b'-- Symlinking: /home/user/robocup_ws/install/msgs_pkg/local/lib/python3.10/dist-packages/msgs_pkg-0.0.0-py3.10.egg-info/SOURCES.txt\n'}
[21.696090] (msgs_pkg) StdoutLine: {'line': b'-- Symlinking: /home/user/robocup_ws/install/msgs_pkg/local/lib/python3.10/dist-packages/msgs_pkg-0.0.0-py3.10.egg-info/dependency_links.txt\n'}
[21.715430] (msgs_pkg) StdoutLine: {'line': b'-- Symlinking: /home/user/robocup_ws/install/msgs_pkg/local/lib/python3.10/dist-packages/msgs_pkg-0.0.0-py3.10.egg-info/top_level.txt\n'}
[21.722281] (-) TimerEvent: {}
[21.748138] (msgs_pkg) StdoutLine: {'line': b'-- Symlinking: /home/user/robocup_ws/install/msgs_pkg/local/lib/python3.10/dist-packages/msgs_pkg/__init__.py\n'}
[21.790024] (msgs_pkg) StdoutLine: {'line': b'-- Symlinking: /home/user/robocup_ws/install/msgs_pkg/local/lib/python3.10/dist-packages/msgs_pkg/_msgs_pkg_s.ep.rosidl_typesupport_c.c\n'}
[21.822398] (-) TimerEvent: {}
[21.832140] (msgs_pkg) StdoutLine: {'line': b'-- Symlinking: /home/user/robocup_ws/install/msgs_pkg/local/lib/python3.10/dist-packages/msgs_pkg/_msgs_pkg_s.ep.rosidl_typesupport_fastrtps_c.c\n'}
[21.871880] (msgs_pkg) StdoutLine: {'line': b'-- Symlinking: /home/user/robocup_ws/install/msgs_pkg/local/lib/python3.10/dist-packages/msgs_pkg/_msgs_pkg_s.ep.rosidl_typesupport_introspection_c.c\n'}
[21.914215] (msgs_pkg) StdoutLine: {'line': b'-- Symlinking: /home/user/robocup_ws/install/msgs_pkg/local/lib/python3.10/dist-packages/msgs_pkg/libmsgs_pkg__rosidl_generator_py.so\n'}
[21.922521] (-) TimerEvent: {}
[21.926948] (realsense2_camera_msgs) StdoutLine: {'line': b'[ 43%] \x1b[32mBuilding CXX object CMakeFiles/realsense2_camera_msgs__rosidl_typesupport_introspection_cpp.dir/rosidl_typesupport_introspection_cpp/realsense2_camera_msgs/srv/detail/calib_config_write__type_support.cpp.o\x1b[0m\n'}
[21.951923] (msgs_pkg) StdoutLine: {'line': b'-- Symlinking: /home/user/robocup_ws/install/msgs_pkg/local/lib/python3.10/dist-packages/msgs_pkg/msg/__init__.py\n'}
[21.995750] (msgs_pkg) StdoutLine: {'line': b'-- Symlinking: /home/user/robocup_ws/install/msgs_pkg/local/lib/python3.10/dist-packages/msgs_pkg/msg/_object_pose.py\n'}
[22.022648] (-) TimerEvent: {}
[22.034760] (msgs_pkg) StdoutLine: {'line': b'-- Symlinking: /home/user/robocup_ws/install/msgs_pkg/local/lib/python3.10/dist-packages/msgs_pkg/msg/_object_pose_s.c\n'}
[22.070828] (msgs_pkg) StdoutLine: {'line': b'-- Symlinking: /home/user/robocup_ws/install/msgs_pkg/local/lib/python3.10/dist-packages/msgs_pkg/msgs_pkg_s__rosidl_typesupport_c.cpython-310-x86_64-linux-gnu.so\n'}
[22.092301] (msgs_pkg) StdoutLine: {'line': b'-- Symlinking: /home/user/robocup_ws/install/msgs_pkg/local/lib/python3.10/dist-packages/msgs_pkg/msgs_pkg_s__rosidl_typesupport_fastrtps_c.cpython-310-x86_64-linux-gnu.so\n'}
[22.113481] (msgs_pkg) StdoutLine: {'line': b'-- Symlinking: /home/user/robocup_ws/install/msgs_pkg/local/lib/python3.10/dist-packages/msgs_pkg/msgs_pkg_s__rosidl_typesupport_introspection_c.cpython-310-x86_64-linux-gnu.so\n'}
[22.123324] (-) TimerEvent: {}
[22.135490] (msgs_pkg) StdoutLine: {'line': b'-- Symlinking: /home/user/robocup_ws/install/msgs_pkg/local/lib/python3.10/dist-packages/msgs_pkg/srv/__init__.py\n'}
[22.158626] (msgs_pkg) StdoutLine: {'line': b'-- Symlinking: /home/user/robocup_ws/install/msgs_pkg/local/lib/python3.10/dist-packages/msgs_pkg/srv/_get_object_pose.py\n'}
[22.180172] (msgs_pkg) StdoutLine: {'line': b'-- Symlinking: /home/user/robocup_ws/install/msgs_pkg/local/lib/python3.10/dist-packages/msgs_pkg/srv/_get_object_pose_s.c\n'}
[22.200622] (msgs_pkg) StdoutLine: {'line': b'-- Symlinking: /home/user/robocup_ws/install/msgs_pkg/local/lib/python3.10/dist-packages/msgs_pkg/srv/_run_ws.py\n'}
[22.222256] (msgs_pkg) StdoutLine: {'line': b'-- Symlinking: /home/user/robocup_ws/install/msgs_pkg/local/lib/python3.10/dist-packages/msgs_pkg/srv/_run_ws_s.c\n'}
[22.225291] (-) TimerEvent: {}
[22.243763] (msgs_pkg) StdoutLine: {'line': b'-- Up-to-date symlink: /home/user/robocup_ws/install/msgs_pkg/local/lib/python3.10/dist-packages/msgs_pkg/msgs_pkg_s__rosidl_typesupport_fastrtps_c.cpython-310-x86_64-linux-gnu.so\n'}
[22.244987] (msgs_pkg) StdoutLine: {'line': b'-- Up-to-date symlink: /home/user/robocup_ws/install/msgs_pkg/local/lib/python3.10/dist-packages/msgs_pkg/msgs_pkg_s__rosidl_typesupport_introspection_c.cpython-310-x86_64-linux-gnu.so\n'}
[22.246248] (msgs_pkg) StdoutLine: {'line': b'-- Up-to-date symlink: /home/user/robocup_ws/install/msgs_pkg/local/lib/python3.10/dist-packages/msgs_pkg/msgs_pkg_s__rosidl_typesupport_c.cpython-310-x86_64-linux-gnu.so\n'}
[22.248012] (msgs_pkg) StdoutLine: {'line': b'-- Symlinking: /home/user/robocup_ws/install/msgs_pkg/share/msgs_pkg/msg/ObjectPose.idl\n'}
[22.288802] (msgs_pkg) StdoutLine: {'line': b'-- Symlinking: /home/user/robocup_ws/install/msgs_pkg/share/msgs_pkg/srv/GetObjectPose.idl\n'}
[22.300388] (realsense2_camera_msgs) StdoutLine: {'line': b'[ 44%] \x1b[32mBuilding CXX object CMakeFiles/realsense2_camera_msgs__rosidl_typesupport_cpp.dir/rosidl_typesupport_cpp/realsense2_camera_msgs/action/triggered_calibration__type_support.cpp.o\x1b[0m\n'}
[22.328021] (-) TimerEvent: {}
[22.329236] (msgs_pkg) StdoutLine: {'line': b'-- Symlinking: /home/user/robocup_ws/install/msgs_pkg/share/msgs_pkg/srv/RunWS.idl\n'}
[22.371011] (msgs_pkg) StdoutLine: {'line': b'-- Symlinking: /home/user/robocup_ws/install/msgs_pkg/share/msgs_pkg/msg/ObjectPose.msg\n'}
[22.414159] (msgs_pkg) StdoutLine: {'line': b'-- Symlinking: /home/user/robocup_ws/install/msgs_pkg/share/msgs_pkg/srv/GetObjectPose.srv\n'}
[22.428142] (-) TimerEvent: {}
[22.454647] (msgs_pkg) StdoutLine: {'line': b'-- Symlinking: /home/user/robocup_ws/install/msgs_pkg/share/msgs_pkg/srv/GetObjectPose_Request.msg\n'}
[22.495150] (msgs_pkg) StdoutLine: {'line': b'-- Symlinking: /home/user/robocup_ws/install/msgs_pkg/share/msgs_pkg/srv/GetObjectPose_Response.msg\n'}
[22.528272] (-) TimerEvent: {}
[22.532059] (msgs_pkg) StdoutLine: {'line': b'-- Symlinking: /home/user/robocup_ws/install/msgs_pkg/share/msgs_pkg/srv/RunWS.srv\n'}
[22.536431] (realsense2_camera_msgs) StdoutLine: {'line': b'[ 45%] \x1b[32mBuilding CXX object CMakeFiles/realsense2_camera_msgs__rosidl_typesupport_fastrtps_c.dir/rosidl_typesupport_fastrtps_c/realsense2_camera_msgs/srv/detail/device_info__type_support_c.cpp.o\x1b[0m\n'}
[22.574320] (msgs_pkg) StdoutLine: {'line': b'-- Symlinking: /home/user/robocup_ws/install/msgs_pkg/share/msgs_pkg/srv/RunWS_Request.msg\n'}
[22.619283] (msgs_pkg) StdoutLine: {'line': b'-- Symlinking: /home/user/robocup_ws/install/msgs_pkg/share/msgs_pkg/srv/RunWS_Response.msg\n'}
[22.628399] (-) TimerEvent: {}
[22.655684] (msgs_pkg) StdoutLine: {'line': b'-- Symlinking: /home/user/robocup_ws/install/msgs_pkg/share/ament_index/resource_index/package_run_dependencies/msgs_pkg\n'}
[22.696292] (msgs_pkg) StdoutLine: {'line': b'-- Symlinking: /home/user/robocup_ws/install/msgs_pkg/share/ament_index/resource_index/parent_prefix_path/msgs_pkg\n'}
[22.728516] (-) TimerEvent: {}
[22.736643] (msgs_pkg) StdoutLine: {'line': b'-- Symlinking: /home/user/robocup_ws/install/msgs_pkg/share/msgs_pkg/environment/ament_prefix_path.sh\n'}
[22.753921] (realsense2_camera_msgs) StdoutLine: {'line': b'[ 47%] \x1b[32mBuilding CXX object CMakeFiles/realsense2_camera_msgs__rosidl_typesupport_fastrtps_cpp.dir/rosidl_typesupport_fastrtps_cpp/realsense2_camera_msgs/srv/detail/dds_fastrtps/calib_config_read__type_support.cpp.o\x1b[0m\n'}
[22.777278] (msgs_pkg) StdoutLine: {'line': b'-- Symlinking: /home/user/robocup_ws/install/msgs_pkg/share/msgs_pkg/environment/ament_prefix_path.dsv\n'}
[22.798178] (msgs_pkg) StdoutLine: {'line': b'-- Symlinking: /home/user/robocup_ws/install/msgs_pkg/share/msgs_pkg/environment/path.sh\n'}
[22.818378] (msgs_pkg) StdoutLine: {'line': b'-- Symlinking: /home/user/robocup_ws/install/msgs_pkg/share/msgs_pkg/environment/path.dsv\n'}
[22.831275] (-) TimerEvent: {}
[22.839391] (msgs_pkg) StdoutLine: {'line': b'-- Symlinking: /home/user/robocup_ws/install/msgs_pkg/share/msgs_pkg/local_setup.bash\n'}
[22.884142] (msgs_pkg) StdoutLine: {'line': b'-- Symlinking: /home/user/robocup_ws/install/msgs_pkg/share/msgs_pkg/local_setup.sh\n'}
[22.924298] (msgs_pkg) StdoutLine: {'line': b'-- Symlinking: /home/user/robocup_ws/install/msgs_pkg/share/msgs_pkg/local_setup.zsh\n'}
[22.931392] (-) TimerEvent: {}
[22.963788] (msgs_pkg) StdoutLine: {'line': b'-- Symlinking: /home/user/robocup_ws/install/msgs_pkg/share/msgs_pkg/local_setup.dsv\n'}
[23.001747] (msgs_pkg) StdoutLine: {'line': b'-- Symlinking: /home/user/robocup_ws/install/msgs_pkg/share/msgs_pkg/package.dsv\n'}
[23.022884] (msgs_pkg) StdoutLine: {'line': b'-- Symlinking: /home/user/robocup_ws/install/msgs_pkg/share/ament_index/resource_index/packages/msgs_pkg\n'}
[23.031517] (-) TimerEvent: {}
[23.046001] (msgs_pkg) StdoutLine: {'line': b'-- Symlinking: /home/user/robocup_ws/install/msgs_pkg/share/msgs_pkg/cmake/rosidl_cmake-extras.cmake\n'}
[23.071302] (msgs_pkg) StdoutLine: {'line': b'-- Symlinking: /home/user/robocup_ws/install/msgs_pkg/share/msgs_pkg/cmake/ament_cmake_export_include_directories-extras.cmake\n'}
[23.089790] (msgs_pkg) StdoutLine: {'line': b'-- Symlinking: /home/user/robocup_ws/install/msgs_pkg/share/msgs_pkg/cmake/ament_cmake_export_libraries-extras.cmake\n'}
[23.111310] (msgs_pkg) StdoutLine: {'line': b'-- Symlinking: /home/user/robocup_ws/install/msgs_pkg/share/msgs_pkg/cmake/ament_cmake_export_targets-extras.cmake\n'}
[23.131640] (-) TimerEvent: {}
[23.140894] (msgs_pkg) StdoutLine: {'line': b'-- Symlinking: /home/user/robocup_ws/install/msgs_pkg/share/msgs_pkg/cmake/rosidl_cmake_export_typesupport_targets-extras.cmake\n'}
[23.184213] (msgs_pkg) StdoutLine: {'line': b'-- Symlinking: /home/user/robocup_ws/install/msgs_pkg/share/msgs_pkg/cmake/ament_cmake_export_dependencies-extras.cmake\n'}
[23.224319] (msgs_pkg) StdoutLine: {'line': b'-- Symlinking: /home/user/robocup_ws/install/msgs_pkg/share/msgs_pkg/cmake/rosidl_cmake_export_typesupport_libraries-extras.cmake\n'}
[23.234279] (-) TimerEvent: {}
[23.267248] (msgs_pkg) StdoutLine: {'line': b'-- Symlinking: /home/user/robocup_ws/install/msgs_pkg/share/msgs_pkg/cmake/msgs_pkgConfig.cmake\n'}
[23.308375] (msgs_pkg) StdoutLine: {'line': b'-- Symlinking: /home/user/robocup_ws/install/msgs_pkg/share/msgs_pkg/cmake/msgs_pkgConfig-version.cmake\n'}
[23.334404] (-) TimerEvent: {}
[23.348333] (msgs_pkg) StdoutLine: {'line': b'-- Symlinking: /home/user/robocup_ws/install/msgs_pkg/share/msgs_pkg/package.xml\n'}
[23.383366] (realsense2_camera_msgs) StdoutLine: {'line': b'[ 48%] \x1b[32mBuilding CXX object CMakeFiles/realsense2_camera_msgs__rosidl_typesupport_introspection_cpp.dir/rosidl_typesupport_introspection_cpp/realsense2_camera_msgs/action/detail/triggered_calibration__type_support.cpp.o\x1b[0m\n'}
[23.385922] (msgs_pkg) StdoutLine: {'line': b'-- Installing: /home/user/robocup_ws/install/msgs_pkg/lib/libmsgs_pkg__rosidl_generator_c.so\n'}
[23.390363] (msgs_pkg) StdoutLine: {'line': b'-- Set runtime path of "/home/user/robocup_ws/install/msgs_pkg/lib/libmsgs_pkg__rosidl_generator_c.so" to ""\n'}
[23.390669] (msgs_pkg) StdoutLine: {'line': b'-- Installing: /home/user/robocup_ws/install/msgs_pkg/lib/libmsgs_pkg__rosidl_typesupport_fastrtps_c.so\n'}
[23.391646] (msgs_pkg) StdoutLine: {'line': b'-- Set runtime path of "/home/user/robocup_ws/install/msgs_pkg/lib/libmsgs_pkg__rosidl_typesupport_fastrtps_c.so" to ""\n'}
[23.397371] (msgs_pkg) StdoutLine: {'line': b'-- Installing: /home/user/robocup_ws/install/msgs_pkg/lib/libmsgs_pkg__rosidl_typesupport_introspection_c.so\n'}
[23.397656] (msgs_pkg) StdoutLine: {'line': b'-- Set runtime path of "/home/user/robocup_ws/install/msgs_pkg/lib/libmsgs_pkg__rosidl_typesupport_introspection_c.so" to ""\n'}
[23.397852] (msgs_pkg) StdoutLine: {'line': b'-- Installing: /home/user/robocup_ws/install/msgs_pkg/lib/libmsgs_pkg__rosidl_typesupport_c.so\n'}
[23.398333] (msgs_pkg) StdoutLine: {'line': b'-- Set runtime path of "/home/user/robocup_ws/install/msgs_pkg/lib/libmsgs_pkg__rosidl_typesupport_c.so" to ""\n'}
[23.398968] (msgs_pkg) StdoutLine: {'line': b'-- Installing: /home/user/robocup_ws/install/msgs_pkg/lib/libmsgs_pkg__rosidl_typesupport_fastrtps_cpp.so\n'}
[23.404376] (msgs_pkg) StdoutLine: {'line': b'-- Set runtime path of "/home/user/robocup_ws/install/msgs_pkg/lib/libmsgs_pkg__rosidl_typesupport_fastrtps_cpp.so" to ""\n'}
[23.404705] (msgs_pkg) StdoutLine: {'line': b'-- Installing: /home/user/robocup_ws/install/msgs_pkg/lib/libmsgs_pkg__rosidl_typesupport_introspection_cpp.so\n'}
[23.405478] (msgs_pkg) StdoutLine: {'line': b'-- Set runtime path of "/home/user/robocup_ws/install/msgs_pkg/lib/libmsgs_pkg__rosidl_typesupport_introspection_cpp.so" to ""\n'}
[23.406105] (msgs_pkg) StdoutLine: {'line': b'-- Installing: /home/user/robocup_ws/install/msgs_pkg/lib/libmsgs_pkg__rosidl_typesupport_cpp.so\n'}
[23.411247] (msgs_pkg) StdoutLine: {'line': b'-- Set runtime path of "/home/user/robocup_ws/install/msgs_pkg/lib/libmsgs_pkg__rosidl_typesupport_cpp.so" to ""\n'}
[23.434527] (-) TimerEvent: {}
[23.490273] (realsense2_camera_msgs) StdoutLine: {'line': b'[ 49%] \x1b[32mBuilding CXX object CMakeFiles/realsense2_camera_msgs__rosidl_typesupport_fastrtps_c.dir/rosidl_typesupport_fastrtps_c/realsense2_camera_msgs/srv/detail/calib_config_read__type_support_c.cpp.o\x1b[0m\n'}
[23.534642] (-) TimerEvent: {}
[23.587469] (msgs_pkg) StdoutLine: {'line': b"Listing '/home/user/robocup_ws/install/msgs_pkg/local/lib/python3.10/dist-packages/msgs_pkg'...\n"}
[23.587746] (msgs_pkg) StdoutLine: {'line': b"Compiling '/home/user/robocup_ws/install/msgs_pkg/local/lib/python3.10/dist-packages/msgs_pkg/__init__.py'...\n"}
[23.587918] (msgs_pkg) StdoutLine: {'line': b"Listing '/home/user/robocup_ws/install/msgs_pkg/local/lib/python3.10/dist-packages/msgs_pkg/msg'...\n"}
[23.588066] (msgs_pkg) StdoutLine: {'line': b"Compiling '/home/user/robocup_ws/install/msgs_pkg/local/lib/python3.10/dist-packages/msgs_pkg/msg/__init__.py'...\n"}
[23.588222] (msgs_pkg) StdoutLine: {'line': b"Compiling '/home/user/robocup_ws/install/msgs_pkg/local/lib/python3.10/dist-packages/msgs_pkg/msg/_object_pose.py'...\n"}
[23.588384] (msgs_pkg) StdoutLine: {'line': b"Listing '/home/user/robocup_ws/install/msgs_pkg/local/lib/python3.10/dist-packages/msgs_pkg/srv'...\n"}
[23.588527] (msgs_pkg) StdoutLine: {'line': b"Compiling '/home/user/robocup_ws/install/msgs_pkg/local/lib/python3.10/dist-packages/msgs_pkg/srv/__init__.py'...\n"}
[23.588664] (msgs_pkg) StdoutLine: {'line': b"Compiling '/home/user/robocup_ws/install/msgs_pkg/local/lib/python3.10/dist-packages/msgs_pkg/srv/_get_object_pose.py'...\n"}
[23.588802] (msgs_pkg) StdoutLine: {'line': b"Compiling '/home/user/robocup_ws/install/msgs_pkg/local/lib/python3.10/dist-packages/msgs_pkg/srv/_run_ws.py'...\n"}
[23.613268] (msgs_pkg) StdoutLine: {'line': b'-- Installing: /home/user/robocup_ws/install/msgs_pkg/lib/libmsgs_pkg__rosidl_generator_py.so\n'}
[23.613958] (msgs_pkg) StdoutLine: {'line': b'-- Set runtime path of "/home/user/robocup_ws/install/msgs_pkg/lib/libmsgs_pkg__rosidl_generator_py.so" to ""\n'}
[23.614286] (msgs_pkg) StdoutLine: {'line': b'-- Installing: /home/user/robocup_ws/install/msgs_pkg/share/msgs_pkg/cmake/export_msgs_pkg__rosidl_generator_cExport.cmake\n'}
[23.619379] (msgs_pkg) StdoutLine: {'line': b'-- Installing: /home/user/robocup_ws/install/msgs_pkg/share/msgs_pkg/cmake/export_msgs_pkg__rosidl_generator_cExport-noconfig.cmake\n'}
[23.619642] (msgs_pkg) StdoutLine: {'line': b'-- Installing: /home/user/robocup_ws/install/msgs_pkg/share/msgs_pkg/cmake/export_msgs_pkg__rosidl_typesupport_fastrtps_cExport.cmake\n'}
[23.619808] (msgs_pkg) StdoutLine: {'line': b'-- Installing: /home/user/robocup_ws/install/msgs_pkg/share/msgs_pkg/cmake/export_msgs_pkg__rosidl_typesupport_fastrtps_cExport-noconfig.cmake\n'}
[23.619952] (msgs_pkg) StdoutLine: {'line': b'-- Installing: /home/user/robocup_ws/install/msgs_pkg/share/msgs_pkg/cmake/msgs_pkg__rosidl_typesupport_introspection_cExport.cmake\n'}
[23.620117] (msgs_pkg) StdoutLine: {'line': b'-- Installing: /home/user/robocup_ws/install/msgs_pkg/share/msgs_pkg/cmake/msgs_pkg__rosidl_typesupport_introspection_cExport-noconfig.cmake\n'}
[23.620814] (msgs_pkg) StdoutLine: {'line': b'-- Installing: /home/user/robocup_ws/install/msgs_pkg/share/msgs_pkg/cmake/msgs_pkg__rosidl_typesupport_cExport.cmake\n'}
[23.626339] (msgs_pkg) StdoutLine: {'line': b'-- Installing: /home/user/robocup_ws/install/msgs_pkg/share/msgs_pkg/cmake/msgs_pkg__rosidl_typesupport_cExport-noconfig.cmake\n'}
[23.626603] (msgs_pkg) StdoutLine: {'line': b'-- Installing: /home/user/robocup_ws/install/msgs_pkg/share/msgs_pkg/cmake/export_msgs_pkg__rosidl_generator_cppExport.cmake\n'}
[23.626823] (msgs_pkg) StdoutLine: {'line': b'-- Installing: /home/user/robocup_ws/install/msgs_pkg/share/msgs_pkg/cmake/export_msgs_pkg__rosidl_typesupport_fastrtps_cppExport.cmake\n'}
[23.626994] (msgs_pkg) StdoutLine: {'line': b'-- Installing: /home/user/robocup_ws/install/msgs_pkg/share/msgs_pkg/cmake/export_msgs_pkg__rosidl_typesupport_fastrtps_cppExport-noconfig.cmake\n'}
[23.627208] (msgs_pkg) StdoutLine: {'line': b'-- Installing: /home/user/robocup_ws/install/msgs_pkg/share/msgs_pkg/cmake/msgs_pkg__rosidl_typesupport_introspection_cppExport.cmake\n'}
[23.628109] (msgs_pkg) StdoutLine: {'line': b'-- Installing: /home/user/robocup_ws/install/msgs_pkg/share/msgs_pkg/cmake/msgs_pkg__rosidl_typesupport_introspection_cppExport-noconfig.cmake\n'}
[23.628418] (msgs_pkg) StdoutLine: {'line': b'-- Installing: /home/user/robocup_ws/install/msgs_pkg/share/msgs_pkg/cmake/msgs_pkg__rosidl_typesupport_cppExport.cmake\n'}
[23.634275] (msgs_pkg) StdoutLine: {'line': b'-- Installing: /home/user/robocup_ws/install/msgs_pkg/share/msgs_pkg/cmake/msgs_pkg__rosidl_typesupport_cppExport-noconfig.cmake\n'}
[23.634619] (msgs_pkg) StdoutLine: {'line': b'-- Installing: /home/user/robocup_ws/install/msgs_pkg/share/msgs_pkg/cmake/export_msgs_pkg__rosidl_generator_pyExport.cmake\n'}
[23.634826] (-) TimerEvent: {}
[23.635369] (msgs_pkg) StdoutLine: {'line': b'-- Installing: /home/user/robocup_ws/install/msgs_pkg/share/msgs_pkg/cmake/export_msgs_pkg__rosidl_generator_pyExport-noconfig.cmake\n'}
[23.641101] (msgs_pkg) CommandEnded: {'returncode': 0}
[23.726354] (msgs_pkg) JobEnded: {'identifier': 'msgs_pkg', 'rc': 0}
[23.736189] (-) TimerEvent: {}
[23.753103] (realsense2_camera_msgs) StdoutLine: {'line': b'[ 50%] \x1b[32m\x1b[1mLinking CXX shared library librealsense2_camera_msgs__rosidl_typesupport_cpp.so\x1b[0m\n'}
[23.836283] (-) TimerEvent: {}
[23.859416] (realsense2_camera_msgs) StdoutLine: {'line': b'[ 50%] Built target realsense2_camera_msgs__rosidl_typesupport_cpp\n'}
[23.880227] (realsense2_camera_msgs) StdoutLine: {'line': b'[ 51%] \x1b[32mBuilding CXX object CMakeFiles/realsense2_camera_msgs__rosidl_typesupport_fastrtps_c.dir/rosidl_typesupport_fastrtps_c/realsense2_camera_msgs/srv/detail/calib_config_write__type_support_c.cpp.o\x1b[0m\n'}
[23.936412] (-) TimerEvent: {}
[23.988307] (realsense2_camera_msgs) StdoutLine: {'line': b'[ 52%] \x1b[32mBuilding CXX object CMakeFiles/realsense2_camera_msgs__rosidl_typesupport_fastrtps_cpp.dir/rosidl_typesupport_fastrtps_cpp/realsense2_camera_msgs/srv/detail/dds_fastrtps/calib_config_write__type_support.cpp.o\x1b[0m\n'}
[24.036539] (-) TimerEvent: {}
[24.137156] (-) TimerEvent: {}
[24.237718] (-) TimerEvent: {}
[24.341437] (-) TimerEvent: {}
[24.394979] (realsense2_camera_msgs) StdoutLine: {'line': b'[ 54%] \x1b[32mBuilding CXX object CMakeFiles/realsense2_camera_msgs__rosidl_typesupport_fastrtps_cpp.dir/rosidl_typesupport_fastrtps_cpp/realsense2_camera_msgs/action/detail/dds_fastrtps/triggered_calibration__type_support.cpp.o\x1b[0m\n'}
[24.441554] (-) TimerEvent: {}
[24.541978] (-) TimerEvent: {}
[24.642424] (-) TimerEvent: {}
[24.742829] (-) TimerEvent: {}
[24.762176] (realsense2_camera_msgs) StdoutLine: {'line': b'[ 55%] \x1b[32mBuilding CXX object CMakeFiles/realsense2_camera_msgs__rosidl_typesupport_fastrtps_c.dir/rosidl_typesupport_fastrtps_c/realsense2_camera_msgs/action/detail/triggered_calibration__type_support_c.cpp.o\x1b[0m\n'}
[24.842957] (-) TimerEvent: {}
[24.943371] (-) TimerEvent: {}
[25.004211] (realsense2_camera_msgs) StdoutLine: {'line': b'[ 56%] \x1b[32m\x1b[1mLinking CXX shared library librealsense2_camera_msgs__rosidl_typesupport_introspection_cpp.so\x1b[0m\n'}
[25.021355] (realsense2_camera_msgs) StdoutLine: {'line': b'[ 57%] \x1b[34m\x1b[1mGenerating C introspection for ROS interfaces\x1b[0m\n'}
[25.044284] (-) TimerEvent: {}
[25.144698] (-) TimerEvent: {}
[25.202137] (realsense2_camera_msgs) StdoutLine: {'line': b'[ 57%] Built target realsense2_camera_msgs__rosidl_typesupport_introspection_cpp\n'}
[25.227286] (realsense2_camera_msgs) StdoutLine: {'line': b'[ 58%] \x1b[34m\x1b[1mGenerating C type support dispatch for ROS interfaces\x1b[0m\n'}
[25.245279] (-) TimerEvent: {}
[25.347270] (-) TimerEvent: {}
[25.447652] (-) TimerEvent: {}
[25.548063] (-) TimerEvent: {}
[25.648473] (-) TimerEvent: {}
[25.748862] (-) TimerEvent: {}
[25.751291] (realsense2_camera_msgs) StdoutLine: {'line': b'[ 59%] \x1b[32m\x1b[1mLinking CXX shared library librealsense2_camera_msgs__rosidl_typesupport_fastrtps_c.so\x1b[0m\n'}
[25.813163] (realsense2_camera_msgs) StdoutLine: {'line': b'[ 60%] \x1b[32m\x1b[1mLinking CXX shared library librealsense2_camera_msgs__rosidl_typesupport_fastrtps_cpp.so\x1b[0m\n'}
[25.848977] (-) TimerEvent: {}
[25.937918] (realsense2_camera_msgs) StdoutLine: {'line': b'[ 60%] Built target realsense2_camera_msgs__rosidl_typesupport_fastrtps_c\n'}
[25.949100] (-) TimerEvent: {}
[25.996929] (realsense2_camera_msgs) StdoutLine: {'line': b'[ 60%] Built target realsense2_camera_msgs__rosidl_typesupport_fastrtps_cpp\n'}
[26.049233] (-) TimerEvent: {}
[26.149600] (-) TimerEvent: {}
[26.249965] (-) TimerEvent: {}
[26.350307] (-) TimerEvent: {}
[26.451729] (-) TimerEvent: {}
[26.500592] (realsense2_camera_msgs) StdoutLine: {'line': b'[ 62%] \x1b[32mBuilding CXX object CMakeFiles/realsense2_camera_msgs__rosidl_typesupport_c.dir/rosidl_typesupport_c/realsense2_camera_msgs/msg/extrinsics__type_support.cpp.o\x1b[0m\n'}
[26.500867] (realsense2_camera_msgs) StdoutLine: {'line': b'[ 63%] \x1b[32mBuilding CXX object CMakeFiles/realsense2_camera_msgs__rosidl_typesupport_c.dir/rosidl_typesupport_c/realsense2_camera_msgs/msg/metadata__type_support.cpp.o\x1b[0m\n'}
[26.502337] (realsense2_camera_msgs) StdoutLine: {'line': b'[ 64%] \x1b[32mBuilding CXX object CMakeFiles/realsense2_camera_msgs__rosidl_typesupport_c.dir/rosidl_typesupport_c/realsense2_camera_msgs/msg/imu_info__type_support.cpp.o\x1b[0m\n'}
[26.552245] (-) TimerEvent: {}
[26.570171] (realsense2_camera_msgs) StdoutLine: {'line': b'[ 65%] \x1b[32mBuilding CXX object CMakeFiles/realsense2_camera_msgs__rosidl_typesupport_c.dir/rosidl_typesupport_c/realsense2_camera_msgs/msg/rgbd__type_support.cpp.o\x1b[0m\n'}
[26.576704] (realsense2_camera_msgs) StdoutLine: {'line': b'[ 66%] \x1b[32mBuilding CXX object CMakeFiles/realsense2_camera_msgs__rosidl_typesupport_c.dir/rosidl_typesupport_c/realsense2_camera_msgs/srv/device_info__type_support.cpp.o\x1b[0m\n'}
[26.582977] (realsense2_camera_msgs) StdoutLine: {'line': b'[ 67%] \x1b[32mBuilding CXX object CMakeFiles/realsense2_camera_msgs__rosidl_typesupport_c.dir/rosidl_typesupport_c/realsense2_camera_msgs/srv/calib_config_read__type_support.cpp.o\x1b[0m\n'}
[26.644651] (realsense2_camera_msgs) StdoutLine: {'line': b'[ 68%] \x1b[32mBuilding CXX object CMakeFiles/realsense2_camera_msgs__rosidl_typesupport_c.dir/rosidl_typesupport_c/realsense2_camera_msgs/srv/calib_config_write__type_support.cpp.o\x1b[0m\n'}
[26.652365] (-) TimerEvent: {}
[26.658809] (realsense2_camera_msgs) StdoutLine: {'line': b'[ 70%] \x1b[32mBuilding CXX object CMakeFiles/realsense2_camera_msgs__rosidl_typesupport_c.dir/rosidl_typesupport_c/realsense2_camera_msgs/action/triggered_calibration__type_support.cpp.o\x1b[0m\n'}
[26.753284] (-) TimerEvent: {}
[26.777960] (realsense2_camera_msgs) StdoutLine: {'line': b'[ 71%] \x1b[32m\x1b[1mLinking CXX shared library librealsense2_camera_msgs__rosidl_typesupport_c.so\x1b[0m\n'}
[26.848737] (realsense2_camera_msgs) StdoutLine: {'line': b'[ 73%] \x1b[32mBuilding C object CMakeFiles/realsense2_camera_msgs__rosidl_typesupport_introspection_c.dir/rosidl_typesupport_introspection_c/realsense2_camera_msgs/msg/detail/imu_info__type_support.c.o\x1b[0m\n'}
[26.850498] (realsense2_camera_msgs) StdoutLine: {'line': b'[ 73%] \x1b[32mBuilding C object CMakeFiles/realsense2_camera_msgs__rosidl_typesupport_introspection_c.dir/rosidl_typesupport_introspection_c/realsense2_camera_msgs/msg/detail/extrinsics__type_support.c.o\x1b[0m\n'}
[26.850689] (realsense2_camera_msgs) StdoutLine: {'line': b'[ 74%] \x1b[32mBuilding C object CMakeFiles/realsense2_camera_msgs__rosidl_typesupport_introspection_c.dir/rosidl_typesupport_introspection_c/realsense2_camera_msgs/msg/detail/metadata__type_support.c.o\x1b[0m\n'}
[26.854087] (-) TimerEvent: {}
[26.878829] (realsense2_camera_msgs) StdoutLine: {'line': b'[ 74%] Built target realsense2_camera_msgs__rosidl_typesupport_c\n'}
[26.901285] (realsense2_camera_msgs) StdoutLine: {'line': b'[ 75%] \x1b[32mBuilding C object CMakeFiles/realsense2_camera_msgs__rosidl_typesupport_introspection_c.dir/rosidl_typesupport_introspection_c/realsense2_camera_msgs/msg/detail/rgbd__type_support.c.o\x1b[0m\n'}
[26.940945] (realsense2_camera_msgs) StdoutLine: {'line': b'[ 77%] \x1b[32mBuilding C object CMakeFiles/realsense2_camera_msgs__rosidl_typesupport_introspection_c.dir/rosidl_typesupport_introspection_c/realsense2_camera_msgs/srv/detail/device_info__type_support.c.o\x1b[0m\n'}
[26.946267] (realsense2_camera_msgs) StdoutLine: {'line': b'[ 78%] \x1b[32mBuilding C object CMakeFiles/realsense2_camera_msgs__rosidl_typesupport_introspection_c.dir/rosidl_typesupport_introspection_c/realsense2_camera_msgs/srv/detail/calib_config_read__type_support.c.o\x1b[0m\n'}
[26.953687] (realsense2_camera_msgs) StdoutLine: {'line': b'[ 79%] \x1b[32mBuilding C object CMakeFiles/realsense2_camera_msgs__rosidl_typesupport_introspection_c.dir/rosidl_typesupport_introspection_c/realsense2_camera_msgs/srv/detail/calib_config_write__type_support.c.o\x1b[0m\n'}
[26.954741] (-) TimerEvent: {}
[27.003265] (realsense2_camera_msgs) StdoutLine: {'line': b'[ 80%] \x1b[32mBuilding C object CMakeFiles/realsense2_camera_msgs__rosidl_typesupport_introspection_c.dir/rosidl_typesupport_introspection_c/realsense2_camera_msgs/action/detail/triggered_calibration__type_support.c.o\x1b[0m\n'}
[27.054895] (-) TimerEvent: {}
[27.087898] (realsense2_camera_msgs) StdoutLine: {'line': b'[ 81%] \x1b[32m\x1b[1mLinking C shared library librealsense2_camera_msgs__rosidl_typesupport_introspection_c.so\x1b[0m\n'}
[27.143374] (realsense2_camera_msgs) StdoutLine: {'line': b'[ 81%] Built target realsense2_camera_msgs__rosidl_typesupport_introspection_c\n'}
[27.155054] (-) TimerEvent: {}
[27.174916] (realsense2_camera_msgs) StdoutLine: {'line': b'[ 81%] Built target realsense2_camera_msgs\n'}
[27.208669] (realsense2_camera_msgs) StdoutLine: {'line': b'[ 82%] \x1b[34m\x1b[1mGenerating Python code for ROS interfaces\x1b[0m\n'}
[27.255193] (-) TimerEvent: {}
[27.355567] (-) TimerEvent: {}
[27.455938] (-) TimerEvent: {}
[27.556301] (-) TimerEvent: {}
[27.656632] (-) TimerEvent: {}
[27.756977] (-) TimerEvent: {}
[27.857296] (-) TimerEvent: {}
[27.957632] (-) TimerEvent: {}
[28.057973] (-) TimerEvent: {}
[28.158296] (-) TimerEvent: {}
[28.258622] (-) TimerEvent: {}
[28.358965] (-) TimerEvent: {}
[28.459298] (-) TimerEvent: {}
[28.559638] (-) TimerEvent: {}
[28.659975] (-) TimerEvent: {}
[28.760301] (-) TimerEvent: {}
[28.860635] (-) TimerEvent: {}
[28.960969] (-) TimerEvent: {}
[29.061301] (-) TimerEvent: {}
[29.161643] (-) TimerEvent: {}
[29.261980] (-) TimerEvent: {}
[29.362309] (-) TimerEvent: {}
[29.462644] (-) TimerEvent: {}
[29.562931] (-) TimerEvent: {}
[29.663249] (-) TimerEvent: {}
[29.766019] (-) TimerEvent: {}
[29.862562] (realsense2_camera_msgs) StdoutLine: {'line': b'[ 82%] Built target realsense2_camera_msgs__py\n'}
[29.866158] (-) TimerEvent: {}
[29.901860] (realsense2_camera_msgs) StdoutLine: {'line': b'[ 85%] \x1b[32mBuilding C object CMakeFiles/realsense2_camera_msgs__rosidl_generator_py.dir/rosidl_generator_py/realsense2_camera_msgs/msg/_extrinsics_s.c.o\x1b[0m\n'}
[29.902175] (realsense2_camera_msgs) StdoutLine: {'line': b'[ 85%] \x1b[32mBuilding C object CMakeFiles/realsense2_camera_msgs__rosidl_generator_py.dir/rosidl_generator_py/realsense2_camera_msgs/msg/_imu_info_s.c.o\x1b[0m\n'}
[29.902330] (realsense2_camera_msgs) StdoutLine: {'line': b'[ 86%] \x1b[32mBuilding C object CMakeFiles/realsense2_camera_msgs__rosidl_generator_py.dir/rosidl_generator_py/realsense2_camera_msgs/msg/_metadata_s.c.o\x1b[0m\n'}
[29.905314] (realsense2_camera_msgs) StdoutLine: {'line': b'[ 87%] \x1b[32mBuilding C object CMakeFiles/realsense2_camera_msgs__rosidl_generator_py.dir/rosidl_generator_py/realsense2_camera_msgs/msg/_rgbd_s.c.o\x1b[0m\n'}
[29.966291] (-) TimerEvent: {}
[30.066747] (-) TimerEvent: {}
[30.169439] (-) TimerEvent: {}
[30.172779] (realsense2_camera_msgs) StdoutLine: {'line': b'[ 88%] \x1b[32mBuilding C object CMakeFiles/realsense2_camera_msgs__rosidl_generator_py.dir/rosidl_generator_py/realsense2_camera_msgs/srv/_device_info_s.c.o\x1b[0m\n'}
[30.175591] (realsense2_camera_msgs) StdoutLine: {'line': b'[ 89%] \x1b[32mBuilding C object CMakeFiles/realsense2_camera_msgs__rosidl_generator_py.dir/rosidl_generator_py/realsense2_camera_msgs/srv/_calib_config_read_s.c.o\x1b[0m\n'}
[30.198560] (realsense2_camera_msgs) StdoutLine: {'line': b'[ 90%] \x1b[32mBuilding C object CMakeFiles/realsense2_camera_msgs__rosidl_generator_py.dir/rosidl_generator_py/realsense2_camera_msgs/srv/_calib_config_write_s.c.o\x1b[0m\n'}
[30.207034] (realsense2_camera_msgs) StdoutLine: {'line': b'[ 91%] \x1b[32mBuilding C object CMakeFiles/realsense2_camera_msgs__rosidl_generator_py.dir/rosidl_generator_py/realsense2_camera_msgs/action/_triggered_calibration_s.c.o\x1b[0m\n'}
[30.269558] (-) TimerEvent: {}
[30.369990] (-) TimerEvent: {}
[30.471499] (-) TimerEvent: {}
[30.539382] (realsense2_camera_msgs) StdoutLine: {'line': b'[ 93%] \x1b[32m\x1b[1mLinking C shared library rosidl_generator_py/realsense2_camera_msgs/librealsense2_camera_msgs__rosidl_generator_py.so\x1b[0m\n'}
[30.571617] (-) TimerEvent: {}
[30.612724] (realsense2_camera_msgs) StdoutLine: {'line': b'[ 93%] Built target realsense2_camera_msgs__rosidl_generator_py\n'}
[30.649246] (realsense2_camera_msgs) StdoutLine: {'line': b'[ 94%] \x1b[32mBuilding C object CMakeFiles/realsense2_camera_msgs__rosidl_typesupport_introspection_c__pyext.dir/rosidl_generator_py/realsense2_camera_msgs/_realsense2_camera_msgs_s.ep.rosidl_typesupport_introspection_c.c.o\x1b[0m\n'}
[30.653520] (realsense2_camera_msgs) StdoutLine: {'line': b'[ 95%] \x1b[32mBuilding C object CMakeFiles/realsense2_camera_msgs__rosidl_typesupport_fastrtps_c__pyext.dir/rosidl_generator_py/realsense2_camera_msgs/_realsense2_camera_msgs_s.ep.rosidl_typesupport_fastrtps_c.c.o\x1b[0m\n'}
[30.656649] (realsense2_camera_msgs) StdoutLine: {'line': b'[ 96%] \x1b[32mBuilding C object CMakeFiles/realsense2_camera_msgs__rosidl_typesupport_c__pyext.dir/rosidl_generator_py/realsense2_camera_msgs/_realsense2_camera_msgs_s.ep.rosidl_typesupport_c.c.o\x1b[0m\n'}
[30.671736] (-) TimerEvent: {}
[30.772306] (-) TimerEvent: {}
[30.872870] (-) TimerEvent: {}
[30.908604] (realsense2_camera_msgs) StdoutLine: {'line': b'[ 97%] \x1b[32m\x1b[1mLinking C shared library rosidl_generator_py/realsense2_camera_msgs/realsense2_camera_msgs_s__rosidl_typesupport_introspection_c.cpython-310-x86_64-linux-gnu.so\x1b[0m\n'}
[30.973004] (-) TimerEvent: {}
[30.989843] (realsense2_camera_msgs) StdoutLine: {'line': b'[ 97%] Built target realsense2_camera_msgs__rosidl_typesupport_introspection_c__pyext\n'}
[31.043356] (realsense2_camera_msgs) StdoutLine: {'line': b'[ 98%] \x1b[32m\x1b[1mLinking C shared library rosidl_generator_py/realsense2_camera_msgs/realsense2_camera_msgs_s__rosidl_typesupport_fastrtps_c.cpython-310-x86_64-linux-gnu.so\x1b[0m\n'}
[31.046690] (realsense2_camera_msgs) StdoutLine: {'line': b'[100%] \x1b[32m\x1b[1mLinking C shared library rosidl_generator_py/realsense2_camera_msgs/realsense2_camera_msgs_s__rosidl_typesupport_c.cpython-310-x86_64-linux-gnu.so\x1b[0m\n'}
[31.073140] (-) TimerEvent: {}
[31.121908] (realsense2_camera_msgs) StdoutLine: {'line': b'[100%] Built target realsense2_camera_msgs__rosidl_typesupport_fastrtps_c__pyext\n'}
[31.124228] (realsense2_camera_msgs) StdoutLine: {'line': b'[100%] Built target realsense2_camera_msgs__rosidl_typesupport_c__pyext\n'}
[31.143290] (realsense2_camera_msgs) CommandEnded: {'returncode': 0}
[31.144365] (realsense2_camera_msgs) JobProgress: {'identifier': 'realsense2_camera_msgs', 'progress': 'install'}
[31.145062] (realsense2_camera_msgs) Command: {'cmd': ['/usr/bin/cmake', '--install', '/home/user/robocup_ws/build/realsense2_camera_msgs'], 'cwd': '/home/user/robocup_ws/build/realsense2_camera_msgs', 'env': OrderedDict([('LESSOPEN', '| /usr/bin/lesspipe %s'), ('USER', 'user'), ('LC_TIME', 'ko_KR.UTF-8'), ('XDG_SESSION_TYPE', 'wayland'), ('SHLVL', '1'), ('LD_LIBRARY_PATH', '/opt/ros/humble/opt/rviz_ogre_vendor/lib:/opt/ros/humble/lib/x86_64-linux-gnu:/opt/ros/humble/lib::/usr/lib/x86_64-linux-gnu/gazebo-11/plugins::/usr/lib/x86_64-linux-gnu/gazebo-11/plugins:/usr/lib/x86_64-linux-gnu/gazebo-11/plugins:'), ('HOME', '/home/user'), ('OLDPWD', '/home/user/robocup_ws/src'), ('DESKTOP_SESSION', 'ubuntu'), ('GAZEBO_MASTER_URI', 'http://localhost:11345'), ('ROS_PYTHON_VERSION', '3'), ('GNOME_SHELL_SESSION_MODE', 'ubuntu'), ('GTK_MODULES', 'gail:atk-bridge'), ('LC_MONETARY', 'ko_KR.UTF-8'), ('MANAGERPID', '914'), ('SYSTEMD_EXEC_PID', '1382'), ('DBUS_SESSION_BUS_ADDRESS', 'unix:path=/run/user/1000/bus'), ('COLORTERM', 'truecolor'), ('TERMINATOR_DBUS_NAME', 'net.tenshu.Terminator25ef4b219e3b005583550f2b0f9f990c3'), ('GIO_LAUNCHED_DESKTOP_FILE_PID', '50397'), ('IM_CONFIG_PHASE', '1'), ('WAYLAND_DISPLAY', 'wayland-0'), ('ROS_DISTRO', 'humble'), ('LOGNAME', 'user'), ('JOURNAL_STREAM', '8:12562'), ('_', '/usr/bin/colcon'), ('ROS_VERSION', '2'), ('XDG_SESSION_CLASS', 'user'), ('USERNAME', 'user'), ('TERM', 'xterm-256color'), ('GAZEBO_MODEL_PATH', '/usr/share/gazebo-11/models:/usr/share/gazebo-11/models:'), ('GNOME_DESKTOP_SESSION_ID', 'this-is-deprecated'), ('ROS_LOCALHOST_ONLY', '0'), ('OGRE_RESOURCE_PATH', '/usr/lib/x86_64-linux-gnu/OGRE-1.9.0'), ('PATH', '/opt/ros/humble/bin:/home/user/.local/bin:/usr/local/sbin:/usr/local/bin:/usr/sbin:/usr/bin:/sbin:/bin:/usr/games:/usr/local/games:/snap/bin:/snap/bin'), ('SESSION_MANAGER', 'local/user-15Z970-GA3HK:@/tmp/.ICE-unix/1044,unix/user-15Z970-GA3HK:/tmp/.ICE-unix/1044'), ('INVOCATION_ID', 'f2801b7b6e2f4da9938183836f083396'), ('XDG_MENU_PREFIX', 'gnome-'), ('LC_ADDRESS', 'ko_KR.UTF-8'), ('GNOME_SETUP_DISPLAY', ':1'), ('XDG_RUNTIME_DIR', '/run/user/1000'), ('DISPLAY', ':0'), ('TERMINATOR_DBUS_PATH', '/net/tenshu/Terminator2'), ('LANG', 'en_US.UTF-8'), ('XDG_CURRENT_DESKTOP', 'ubuntu:GNOME'), ('IBUS_DISABLE_SNOOPER', '1'), ('LC_TELEPHONE', 'ko_KR.UTF-8'), ('XMODIFIERS', '@im=ibus'), ('XDG_SESSION_DESKTOP', 'ubuntu'), ('XAUTHORITY', '/run/user/1000/.mutter-Xwaylandauth.5U12J3'), ('LS_COLORS', 'rs=0:di=01;34:ln=01;36:mh=00:pi=40;33:so=01;35:do=01;35:bd=40;33;01:cd=40;33;01:or=40;31;01:mi=00:su=37;41:sg=30;43:ca=30;41:tw=30;42:ow=34;42:st=37;44:ex=01;32:*.tar=01;31:*.tgz=01;31:*.arc=01;31:*.arj=01;31:*.taz=01;31:*.lha=01;31:*.lz4=01;31:*.lzh=01;31:*.lzma=01;31:*.tlz=01;31:*.txz=01;31:*.tzo=01;31:*.t7z=01;31:*.zip=01;31:*.z=01;31:*.dz=01;31:*.gz=01;31:*.lrz=01;31:*.lz=01;31:*.lzo=01;31:*.xz=01;31:*.zst=01;31:*.tzst=01;31:*.bz2=01;31:*.bz=01;31:*.tbz=01;31:*.tbz2=01;31:*.tz=01;31:*.deb=01;31:*.rpm=01;31:*.jar=01;31:*.war=01;31:*.ear=01;31:*.sar=01;31:*.rar=01;31:*.alz=01;31:*.ace=01;31:*.zoo=01;31:*.cpio=01;31:*.7z=01;31:*.rz=01;31:*.cab=01;31:*.wim=01;31:*.swm=01;31:*.dwm=01;31:*.esd=01;31:*.jpg=01;35:*.jpeg=01;35:*.mjpg=01;35:*.mjpeg=01;35:*.gif=01;35:*.bmp=01;35:*.pbm=01;35:*.pgm=01;35:*.ppm=01;35:*.tga=01;35:*.xbm=01;35:*.xpm=01;35:*.tif=01;35:*.tiff=01;35:*.png=01;35:*.svg=01;35:*.svgz=01;35:*.mng=01;35:*.pcx=01;35:*.mov=01;35:*.mpg=01;35:*.mpeg=01;35:*.m2v=01;35:*.mkv=01;35:*.webm=01;35:*.webp=01;35:*.ogm=01;35:*.mp4=01;35:*.m4v=01;35:*.mp4v=01;35:*.vob=01;35:*.qt=01;35:*.nuv=01;35:*.wmv=01;35:*.asf=01;35:*.rm=01;35:*.rmvb=01;35:*.flc=01;35:*.avi=01;35:*.fli=01;35:*.flv=01;35:*.gl=01;35:*.dl=01;35:*.xcf=01;35:*.xwd=01;35:*.yuv=01;35:*.cgm=01;35:*.emf=01;35:*.ogv=01;35:*.ogx=01;35:*.aac=00;36:*.au=00;36:*.flac=00;36:*.m4a=00;36:*.mid=00;36:*.midi=00;36:*.mka=00;36:*.mp3=00;36:*.mpc=00;36:*.ogg=00;36:*.ra=00;36:*.wav=00;36:*.oga=00;36:*.opus=00;36:*.spx=00;36:*.xspf=00;36:'), ('SSH_AGENT_LAUNCHER', 'gnome-keyring'), ('SSH_AUTH_SOCK', '/run/user/1000/keyring/ssh'), ('ROS_DOMAIN_ID', '35'), ('AMENT_PREFIX_PATH', '/opt/ros/humble'), ('SHELL', '/bin/bash'), ('LC_NAME', 'ko_KR.UTF-8'), ('TERMINATOR_UUID', 'urn:uuid:87b7c693-7af3-489e-af03-8fb9beab4f2f'), ('QT_ACCESSIBILITY', '1'), ('GDMSESSION', 'ubuntu'), ('LESSCLOSE', '/usr/bin/lesspipe %s %s'), ('LC_MEASUREMENT', 'ko_KR.UTF-8'), ('GAZEBO_RESOURCE_PATH', '/usr/share/gazebo-11:/usr/share/gazebo-11:'), ('LC_IDENTIFICATION', 'ko_KR.UTF-8'), ('GAZEBO_MODEL_DATABASE_URI', 'http://models.gazebosim.org'), ('QT_IM_MODULE', 'ibus'), ('PWD', '/home/user/robocup_ws/build/realsense2_camera_msgs'), ('LC_ALL', 'en_US.UTF-8'), ('XDG_CONFIG_DIRS', '/etc/xdg/xdg-ubuntu:/etc/xdg'), ('GAZEBO_PLUGIN_PATH', '/usr/lib/x86_64-linux-gnu/gazebo-11/plugins:/usr/lib/x86_64-linux-gnu/gazebo-11/plugins:'), ('XDG_DATA_DIRS', '/usr/share/ubuntu:/usr/local/share/:/usr/share/:/var/lib/snapd/desktop'), ('PYTHONPATH', '/opt/ros/humble/lib/python3.10/site-packages:/opt/ros/humble/local/lib/python3.10/dist-packages'), ('LC_NUMERIC', 'ko_KR.UTF-8'), ('LC_PAPER', 'ko_KR.UTF-8'), ('COLCON', '1'), ('VTE_VERSION', '6800'), ('CMAKE_PREFIX_PATH', '/opt/ros/humble')]), 'shell': False}
[31.157916] (realsense2_camera_msgs) StdoutLine: {'line': b'-- Install configuration: ""\n'}
[31.158814] (realsense2_camera_msgs) StdoutLine: {'line': b'-- Execute custom install script\n'}
[31.159262] (realsense2_camera_msgs) StdoutLine: {'line': b'-- Symlinking: /home/user/robocup_ws/install/realsense2_camera_msgs/share/ament_index/resource_index/rosidl_interfaces/realsense2_camera_msgs\n'}
[31.173258] (-) TimerEvent: {}
[31.174320] (realsense2_camera_msgs) StdoutLine: {'line': b'-- Symlinking: /home/user/robocup_ws/install/realsense2_camera_msgs/include/realsense2_camera_msgs/realsense2_camera_msgs/action/detail/triggered_calibration__functions.h\n'}
[31.187567] (realsense2_camera_msgs) StdoutLine: {'line': b'-- Symlinking: /home/user/robocup_ws/install/realsense2_camera_msgs/include/realsense2_camera_msgs/realsense2_camera_msgs/action/detail/triggered_calibration__struct.h\n'}
[31.201574] (realsense2_camera_msgs) StdoutLine: {'line': b'-- Symlinking: /home/user/robocup_ws/install/realsense2_camera_msgs/include/realsense2_camera_msgs/realsense2_camera_msgs/action/detail/triggered_calibration__type_support.h\n'}
[31.215086] (realsense2_camera_msgs) StdoutLine: {'line': b'-- Symlinking: /home/user/robocup_ws/install/realsense2_camera_msgs/include/realsense2_camera_msgs/realsense2_camera_msgs/action/triggered_calibration.h\n'}
[31.228653] (realsense2_camera_msgs) StdoutLine: {'line': b'-- Symlinking: /home/user/robocup_ws/install/realsense2_camera_msgs/include/realsense2_camera_msgs/realsense2_camera_msgs/msg/detail/extrinsics__functions.h\n'}
[31.241906] (realsense2_camera_msgs) StdoutLine: {'line': b'-- Symlinking: /home/user/robocup_ws/install/realsense2_camera_msgs/include/realsense2_camera_msgs/realsense2_camera_msgs/msg/detail/extrinsics__struct.h\n'}
[31.255104] (realsense2_camera_msgs) StdoutLine: {'line': b'-- Symlinking: /home/user/robocup_ws/install/realsense2_camera_msgs/include/realsense2_camera_msgs/realsense2_camera_msgs/msg/detail/extrinsics__type_support.h\n'}
[31.268519] (realsense2_camera_msgs) StdoutLine: {'line': b'-- Symlinking: /home/user/robocup_ws/install/realsense2_camera_msgs/include/realsense2_camera_msgs/realsense2_camera_msgs/msg/detail/imu_info__functions.h\n'}
[31.273386] (-) TimerEvent: {}
[31.282102] (realsense2_camera_msgs) StdoutLine: {'line': b'-- Symlinking: /home/user/robocup_ws/install/realsense2_camera_msgs/include/realsense2_camera_msgs/realsense2_camera_msgs/msg/detail/imu_info__struct.h\n'}
[31.295435] (realsense2_camera_msgs) StdoutLine: {'line': b'-- Symlinking: /home/user/robocup_ws/install/realsense2_camera_msgs/include/realsense2_camera_msgs/realsense2_camera_msgs/msg/detail/imu_info__type_support.h\n'}
[31.308636] (realsense2_camera_msgs) StdoutLine: {'line': b'-- Symlinking: /home/user/robocup_ws/install/realsense2_camera_msgs/include/realsense2_camera_msgs/realsense2_camera_msgs/msg/detail/metadata__functions.h\n'}
[31.322365] (realsense2_camera_msgs) StdoutLine: {'line': b'-- Symlinking: /home/user/robocup_ws/install/realsense2_camera_msgs/include/realsense2_camera_msgs/realsense2_camera_msgs/msg/detail/metadata__struct.h\n'}
[31.335581] (realsense2_camera_msgs) StdoutLine: {'line': b'-- Symlinking: /home/user/robocup_ws/install/realsense2_camera_msgs/include/realsense2_camera_msgs/realsense2_camera_msgs/msg/detail/metadata__type_support.h\n'}
[31.348820] (realsense2_camera_msgs) StdoutLine: {'line': b'-- Symlinking: /home/user/robocup_ws/install/realsense2_camera_msgs/include/realsense2_camera_msgs/realsense2_camera_msgs/msg/detail/rgbd__functions.h\n'}
[31.362111] (realsense2_camera_msgs) StdoutLine: {'line': b'-- Symlinking: /home/user/robocup_ws/install/realsense2_camera_msgs/include/realsense2_camera_msgs/realsense2_camera_msgs/msg/detail/rgbd__struct.h\n'}
[31.373541] (-) TimerEvent: {}
[31.375717] (realsense2_camera_msgs) StdoutLine: {'line': b'-- Symlinking: /home/user/robocup_ws/install/realsense2_camera_msgs/include/realsense2_camera_msgs/realsense2_camera_msgs/msg/detail/rgbd__type_support.h\n'}
[31.388902] (realsense2_camera_msgs) StdoutLine: {'line': b'-- Symlinking: /home/user/robocup_ws/install/realsense2_camera_msgs/include/realsense2_camera_msgs/realsense2_camera_msgs/msg/extrinsics.h\n'}
[31.402585] (realsense2_camera_msgs) StdoutLine: {'line': b'-- Symlinking: /home/user/robocup_ws/install/realsense2_camera_msgs/include/realsense2_camera_msgs/realsense2_camera_msgs/msg/imu_info.h\n'}
[31.416565] (realsense2_camera_msgs) StdoutLine: {'line': b'-- Symlinking: /home/user/robocup_ws/install/realsense2_camera_msgs/include/realsense2_camera_msgs/realsense2_camera_msgs/msg/metadata.h\n'}
[31.429974] (realsense2_camera_msgs) StdoutLine: {'line': b'-- Symlinking: /home/user/robocup_ws/install/realsense2_camera_msgs/include/realsense2_camera_msgs/realsense2_camera_msgs/msg/rgbd.h\n'}
[31.443442] (realsense2_camera_msgs) StdoutLine: {'line': b'-- Symlinking: /home/user/robocup_ws/install/realsense2_camera_msgs/include/realsense2_camera_msgs/realsense2_camera_msgs/msg/rosidl_generator_c__visibility_control.h\n'}
[31.456756] (realsense2_camera_msgs) StdoutLine: {'line': b'-- Symlinking: /home/user/robocup_ws/install/realsense2_camera_msgs/include/realsense2_camera_msgs/realsense2_camera_msgs/srv/calib_config_read.h\n'}
[31.470162] (realsense2_camera_msgs) StdoutLine: {'line': b'-- Symlinking: /home/user/robocup_ws/install/realsense2_camera_msgs/include/realsense2_camera_msgs/realsense2_camera_msgs/srv/calib_config_write.h\n'}
[31.473666] (-) TimerEvent: {}
[31.483664] (realsense2_camera_msgs) StdoutLine: {'line': b'-- Symlinking: /home/user/robocup_ws/install/realsense2_camera_msgs/include/realsense2_camera_msgs/realsense2_camera_msgs/srv/detail/calib_config_read__functions.h\n'}
[31.497051] (realsense2_camera_msgs) StdoutLine: {'line': b'-- Symlinking: /home/user/robocup_ws/install/realsense2_camera_msgs/include/realsense2_camera_msgs/realsense2_camera_msgs/srv/detail/calib_config_read__struct.h\n'}
[31.510632] (realsense2_camera_msgs) StdoutLine: {'line': b'-- Symlinking: /home/user/robocup_ws/install/realsense2_camera_msgs/include/realsense2_camera_msgs/realsense2_camera_msgs/srv/detail/calib_config_read__type_support.h\n'}
[31.524225] (realsense2_camera_msgs) StdoutLine: {'line': b'-- Symlinking: /home/user/robocup_ws/install/realsense2_camera_msgs/include/realsense2_camera_msgs/realsense2_camera_msgs/srv/detail/calib_config_write__functions.h\n'}
[31.537443] (realsense2_camera_msgs) StdoutLine: {'line': b'-- Symlinking: /home/user/robocup_ws/install/realsense2_camera_msgs/include/realsense2_camera_msgs/realsense2_camera_msgs/srv/detail/calib_config_write__struct.h\n'}
[31.550903] (realsense2_camera_msgs) StdoutLine: {'line': b'-- Symlinking: /home/user/robocup_ws/install/realsense2_camera_msgs/include/realsense2_camera_msgs/realsense2_camera_msgs/srv/detail/calib_config_write__type_support.h\n'}
[31.564220] (realsense2_camera_msgs) StdoutLine: {'line': b'-- Symlinking: /home/user/robocup_ws/install/realsense2_camera_msgs/include/realsense2_camera_msgs/realsense2_camera_msgs/srv/detail/device_info__functions.h\n'}
[31.573784] (-) TimerEvent: {}
[31.577993] (realsense2_camera_msgs) StdoutLine: {'line': b'-- Symlinking: /home/user/robocup_ws/install/realsense2_camera_msgs/include/realsense2_camera_msgs/realsense2_camera_msgs/srv/detail/device_info__struct.h\n'}
[31.591141] (realsense2_camera_msgs) StdoutLine: {'line': b'-- Symlinking: /home/user/robocup_ws/install/realsense2_camera_msgs/include/realsense2_camera_msgs/realsense2_camera_msgs/srv/detail/device_info__type_support.h\n'}
[31.604590] (realsense2_camera_msgs) StdoutLine: {'line': b'-- Symlinking: /home/user/robocup_ws/install/realsense2_camera_msgs/include/realsense2_camera_msgs/realsense2_camera_msgs/srv/device_info.h\n'}
[31.618776] (realsense2_camera_msgs) StdoutLine: {'line': b'-- Symlinking: /home/user/robocup_ws/install/realsense2_camera_msgs/share/realsense2_camera_msgs/environment/library_path.sh\n'}
[31.632076] (realsense2_camera_msgs) StdoutLine: {'line': b'-- Symlinking: /home/user/robocup_ws/install/realsense2_camera_msgs/share/realsense2_camera_msgs/environment/library_path.dsv\n'}
[31.646457] (realsense2_camera_msgs) StdoutLine: {'line': b'-- Symlinking: /home/user/robocup_ws/install/realsense2_camera_msgs/include/realsense2_camera_msgs/realsense2_camera_msgs/action/detail/triggered_calibration__rosidl_typesupport_fastrtps_c.h\n'}
[31.659650] (realsense2_camera_msgs) StdoutLine: {'line': b'-- Symlinking: /home/user/robocup_ws/install/realsense2_camera_msgs/include/realsense2_camera_msgs/realsense2_camera_msgs/msg/detail/extrinsics__rosidl_typesupport_fastrtps_c.h\n'}
[31.673155] (realsense2_camera_msgs) StdoutLine: {'line': b'-- Symlinking: /home/user/robocup_ws/install/realsense2_camera_msgs/include/realsense2_camera_msgs/realsense2_camera_msgs/msg/detail/imu_info__rosidl_typesupport_fastrtps_c.h\n'}
[31.673877] (-) TimerEvent: {}
[31.686581] (realsense2_camera_msgs) StdoutLine: {'line': b'-- Symlinking: /home/user/robocup_ws/install/realsense2_camera_msgs/include/realsense2_camera_msgs/realsense2_camera_msgs/msg/detail/metadata__rosidl_typesupport_fastrtps_c.h\n'}
[31.699846] (realsense2_camera_msgs) StdoutLine: {'line': b'-- Symlinking: /home/user/robocup_ws/install/realsense2_camera_msgs/include/realsense2_camera_msgs/realsense2_camera_msgs/msg/detail/rgbd__rosidl_typesupport_fastrtps_c.h\n'}
[31.714193] (realsense2_camera_msgs) StdoutLine: {'line': b'-- Symlinking: /home/user/robocup_ws/install/realsense2_camera_msgs/include/realsense2_camera_msgs/realsense2_camera_msgs/msg/rosidl_typesupport_fastrtps_c__visibility_control.h\n'}
[31.727581] (realsense2_camera_msgs) StdoutLine: {'line': b'-- Symlinking: /home/user/robocup_ws/install/realsense2_camera_msgs/include/realsense2_camera_msgs/realsense2_camera_msgs/srv/detail/calib_config_read__rosidl_typesupport_fastrtps_c.h\n'}
[31.740837] (realsense2_camera_msgs) StdoutLine: {'line': b'-- Symlinking: /home/user/robocup_ws/install/realsense2_camera_msgs/include/realsense2_camera_msgs/realsense2_camera_msgs/srv/detail/calib_config_write__rosidl_typesupport_fastrtps_c.h\n'}
[31.754887] (realsense2_camera_msgs) StdoutLine: {'line': b'-- Symlinking: /home/user/robocup_ws/install/realsense2_camera_msgs/include/realsense2_camera_msgs/realsense2_camera_msgs/srv/detail/device_info__rosidl_typesupport_fastrtps_c.h\n'}
[31.768935] (realsense2_camera_msgs) StdoutLine: {'line': b'-- Symlinking: /home/user/robocup_ws/install/realsense2_camera_msgs/include/realsense2_camera_msgs/realsense2_camera_msgs/action/detail/triggered_calibration__rosidl_typesupport_introspection_c.h\n'}
[31.774024] (-) TimerEvent: {}
[31.782583] (realsense2_camera_msgs) StdoutLine: {'line': b'-- Symlinking: /home/user/robocup_ws/install/realsense2_camera_msgs/include/realsense2_camera_msgs/realsense2_camera_msgs/msg/detail/extrinsics__rosidl_typesupport_introspection_c.h\n'}
[31.796239] (realsense2_camera_msgs) StdoutLine: {'line': b'-- Symlinking: /home/user/robocup_ws/install/realsense2_camera_msgs/include/realsense2_camera_msgs/realsense2_camera_msgs/msg/detail/imu_info__rosidl_typesupport_introspection_c.h\n'}
[31.810068] (realsense2_camera_msgs) StdoutLine: {'line': b'-- Symlinking: /home/user/robocup_ws/install/realsense2_camera_msgs/include/realsense2_camera_msgs/realsense2_camera_msgs/msg/detail/metadata__rosidl_typesupport_introspection_c.h\n'}
[31.823541] (realsense2_camera_msgs) StdoutLine: {'line': b'-- Symlinking: /home/user/robocup_ws/install/realsense2_camera_msgs/include/realsense2_camera_msgs/realsense2_camera_msgs/msg/detail/rgbd__rosidl_typesupport_introspection_c.h\n'}
[31.836871] (realsense2_camera_msgs) StdoutLine: {'line': b'-- Symlinking: /home/user/robocup_ws/install/realsense2_camera_msgs/include/realsense2_camera_msgs/realsense2_camera_msgs/msg/rosidl_typesupport_introspection_c__visibility_control.h\n'}
[31.850369] (realsense2_camera_msgs) StdoutLine: {'line': b'-- Symlinking: /home/user/robocup_ws/install/realsense2_camera_msgs/include/realsense2_camera_msgs/realsense2_camera_msgs/srv/detail/calib_config_read__rosidl_typesupport_introspection_c.h\n'}
[31.863476] (realsense2_camera_msgs) StdoutLine: {'line': b'-- Symlinking: /home/user/robocup_ws/install/realsense2_camera_msgs/include/realsense2_camera_msgs/realsense2_camera_msgs/srv/detail/calib_config_write__rosidl_typesupport_introspection_c.h\n'}
[31.874203] (-) TimerEvent: {}
[31.877108] (realsense2_camera_msgs) StdoutLine: {'line': b'-- Symlinking: /home/user/robocup_ws/install/realsense2_camera_msgs/include/realsense2_camera_msgs/realsense2_camera_msgs/srv/detail/device_info__rosidl_typesupport_introspection_c.h\n'}
[31.891211] (realsense2_camera_msgs) StdoutLine: {'line': b'-- Symlinking: /home/user/robocup_ws/install/realsense2_camera_msgs/include/realsense2_camera_msgs/realsense2_camera_msgs/action/detail/triggered_calibration__builder.hpp\n'}
[31.904528] (realsense2_camera_msgs) StdoutLine: {'line': b'-- Symlinking: /home/user/robocup_ws/install/realsense2_camera_msgs/include/realsense2_camera_msgs/realsense2_camera_msgs/action/detail/triggered_calibration__struct.hpp\n'}
[31.918557] (realsense2_camera_msgs) StdoutLine: {'line': b'-- Symlinking: /home/user/robocup_ws/install/realsense2_camera_msgs/include/realsense2_camera_msgs/realsense2_camera_msgs/action/detail/triggered_calibration__traits.hpp\n'}
[31.931878] (realsense2_camera_msgs) StdoutLine: {'line': b'-- Symlinking: /home/user/robocup_ws/install/realsense2_camera_msgs/include/realsense2_camera_msgs/realsense2_camera_msgs/action/detail/triggered_calibration__type_support.hpp\n'}
[31.945328] (realsense2_camera_msgs) StdoutLine: {'line': b'-- Symlinking: /home/user/robocup_ws/install/realsense2_camera_msgs/include/realsense2_camera_msgs/realsense2_camera_msgs/action/triggered_calibration.hpp\n'}
[31.958598] (realsense2_camera_msgs) StdoutLine: {'line': b'-- Symlinking: /home/user/robocup_ws/install/realsense2_camera_msgs/include/realsense2_camera_msgs/realsense2_camera_msgs/msg/detail/extrinsics__builder.hpp\n'}
[31.972053] (realsense2_camera_msgs) StdoutLine: {'line': b'-- Symlinking: /home/user/robocup_ws/install/realsense2_camera_msgs/include/realsense2_camera_msgs/realsense2_camera_msgs/msg/detail/extrinsics__struct.hpp\n'}
[31.974252] (-) TimerEvent: {}
[31.985697] (realsense2_camera_msgs) StdoutLine: {'line': b'-- Symlinking: /home/user/robocup_ws/install/realsense2_camera_msgs/include/realsense2_camera_msgs/realsense2_camera_msgs/msg/detail/extrinsics__traits.hpp\n'}
[31.999093] (realsense2_camera_msgs) StdoutLine: {'line': b'-- Symlinking: /home/user/robocup_ws/install/realsense2_camera_msgs/include/realsense2_camera_msgs/realsense2_camera_msgs/msg/detail/extrinsics__type_support.hpp\n'}
[32.012676] (realsense2_camera_msgs) StdoutLine: {'line': b'-- Symlinking: /home/user/robocup_ws/install/realsense2_camera_msgs/include/realsense2_camera_msgs/realsense2_camera_msgs/msg/detail/imu_info__builder.hpp\n'}
[32.027450] (realsense2_camera_msgs) StdoutLine: {'line': b'-- Symlinking: /home/user/robocup_ws/install/realsense2_camera_msgs/include/realsense2_camera_msgs/realsense2_camera_msgs/msg/detail/imu_info__struct.hpp\n'}
[32.040750] (realsense2_camera_msgs) StdoutLine: {'line': b'-- Symlinking: /home/user/robocup_ws/install/realsense2_camera_msgs/include/realsense2_camera_msgs/realsense2_camera_msgs/msg/detail/imu_info__traits.hpp\n'}
[32.054178] (realsense2_camera_msgs) StdoutLine: {'line': b'-- Symlinking: /home/user/robocup_ws/install/realsense2_camera_msgs/include/realsense2_camera_msgs/realsense2_camera_msgs/msg/detail/imu_info__type_support.hpp\n'}
[32.067673] (realsense2_camera_msgs) StdoutLine: {'line': b'-- Symlinking: /home/user/robocup_ws/install/realsense2_camera_msgs/include/realsense2_camera_msgs/realsense2_camera_msgs/msg/detail/metadata__builder.hpp\n'}
[32.074396] (-) TimerEvent: {}
[32.081063] (realsense2_camera_msgs) StdoutLine: {'line': b'-- Symlinking: /home/user/robocup_ws/install/realsense2_camera_msgs/include/realsense2_camera_msgs/realsense2_camera_msgs/msg/detail/metadata__struct.hpp\n'}
[32.094486] (realsense2_camera_msgs) StdoutLine: {'line': b'-- Symlinking: /home/user/robocup_ws/install/realsense2_camera_msgs/include/realsense2_camera_msgs/realsense2_camera_msgs/msg/detail/metadata__traits.hpp\n'}
[32.107971] (realsense2_camera_msgs) StdoutLine: {'line': b'-- Symlinking: /home/user/robocup_ws/install/realsense2_camera_msgs/include/realsense2_camera_msgs/realsense2_camera_msgs/msg/detail/metadata__type_support.hpp\n'}
[32.121756] (realsense2_camera_msgs) StdoutLine: {'line': b'-- Symlinking: /home/user/robocup_ws/install/realsense2_camera_msgs/include/realsense2_camera_msgs/realsense2_camera_msgs/msg/detail/rgbd__builder.hpp\n'}
[32.135340] (realsense2_camera_msgs) StdoutLine: {'line': b'-- Symlinking: /home/user/robocup_ws/install/realsense2_camera_msgs/include/realsense2_camera_msgs/realsense2_camera_msgs/msg/detail/rgbd__struct.hpp\n'}
[32.148798] (realsense2_camera_msgs) StdoutLine: {'line': b'-- Symlinking: /home/user/robocup_ws/install/realsense2_camera_msgs/include/realsense2_camera_msgs/realsense2_camera_msgs/msg/detail/rgbd__traits.hpp\n'}
[32.162041] (realsense2_camera_msgs) StdoutLine: {'line': b'-- Symlinking: /home/user/robocup_ws/install/realsense2_camera_msgs/include/realsense2_camera_msgs/realsense2_camera_msgs/msg/detail/rgbd__type_support.hpp\n'}
[32.174524] (-) TimerEvent: {}
[32.175547] (realsense2_camera_msgs) StdoutLine: {'line': b'-- Symlinking: /home/user/robocup_ws/install/realsense2_camera_msgs/include/realsense2_camera_msgs/realsense2_camera_msgs/msg/extrinsics.hpp\n'}
[32.189000] (realsense2_camera_msgs) StdoutLine: {'line': b'-- Symlinking: /home/user/robocup_ws/install/realsense2_camera_msgs/include/realsense2_camera_msgs/realsense2_camera_msgs/msg/imu_info.hpp\n'}
[32.202669] (realsense2_camera_msgs) StdoutLine: {'line': b'-- Symlinking: /home/user/robocup_ws/install/realsense2_camera_msgs/include/realsense2_camera_msgs/realsense2_camera_msgs/msg/metadata.hpp\n'}
[32.216306] (realsense2_camera_msgs) StdoutLine: {'line': b'-- Symlinking: /home/user/robocup_ws/install/realsense2_camera_msgs/include/realsense2_camera_msgs/realsense2_camera_msgs/msg/rgbd.hpp\n'}
[32.229912] (realsense2_camera_msgs) StdoutLine: {'line': b'-- Symlinking: /home/user/robocup_ws/install/realsense2_camera_msgs/include/realsense2_camera_msgs/realsense2_camera_msgs/msg/rosidl_generator_cpp__visibility_control.hpp\n'}
[32.243300] (realsense2_camera_msgs) StdoutLine: {'line': b'-- Symlinking: /home/user/robocup_ws/install/realsense2_camera_msgs/include/realsense2_camera_msgs/realsense2_camera_msgs/srv/calib_config_read.hpp\n'}
[32.256522] (realsense2_camera_msgs) StdoutLine: {'line': b'-- Symlinking: /home/user/robocup_ws/install/realsense2_camera_msgs/include/realsense2_camera_msgs/realsense2_camera_msgs/srv/calib_config_write.hpp\n'}
[32.269975] (realsense2_camera_msgs) StdoutLine: {'line': b'-- Symlinking: /home/user/robocup_ws/install/realsense2_camera_msgs/include/realsense2_camera_msgs/realsense2_camera_msgs/srv/detail/calib_config_read__builder.hpp\n'}
[32.274652] (-) TimerEvent: {}
[32.283276] (realsense2_camera_msgs) StdoutLine: {'line': b'-- Symlinking: /home/user/robocup_ws/install/realsense2_camera_msgs/include/realsense2_camera_msgs/realsense2_camera_msgs/srv/detail/calib_config_read__struct.hpp\n'}
[32.296710] (realsense2_camera_msgs) StdoutLine: {'line': b'-- Symlinking: /home/user/robocup_ws/install/realsense2_camera_msgs/include/realsense2_camera_msgs/realsense2_camera_msgs/srv/detail/calib_config_read__traits.hpp\n'}
[32.310745] (realsense2_camera_msgs) StdoutLine: {'line': b'-- Symlinking: /home/user/robocup_ws/install/realsense2_camera_msgs/include/realsense2_camera_msgs/realsense2_camera_msgs/srv/detail/calib_config_read__type_support.hpp\n'}
[32.324238] (realsense2_camera_msgs) StdoutLine: {'line': b'-- Symlinking: /home/user/robocup_ws/install/realsense2_camera_msgs/include/realsense2_camera_msgs/realsense2_camera_msgs/srv/detail/calib_config_write__builder.hpp\n'}
[32.337535] (realsense2_camera_msgs) StdoutLine: {'line': b'-- Symlinking: /home/user/robocup_ws/install/realsense2_camera_msgs/include/realsense2_camera_msgs/realsense2_camera_msgs/srv/detail/calib_config_write__struct.hpp\n'}
[32.350977] (realsense2_camera_msgs) StdoutLine: {'line': b'-- Symlinking: /home/user/robocup_ws/install/realsense2_camera_msgs/include/realsense2_camera_msgs/realsense2_camera_msgs/srv/detail/calib_config_write__traits.hpp\n'}
[32.364298] (realsense2_camera_msgs) StdoutLine: {'line': b'-- Symlinking: /home/user/robocup_ws/install/realsense2_camera_msgs/include/realsense2_camera_msgs/realsense2_camera_msgs/srv/detail/calib_config_write__type_support.hpp\n'}
[32.374777] (-) TimerEvent: {}
[32.377766] (realsense2_camera_msgs) StdoutLine: {'line': b'-- Symlinking: /home/user/robocup_ws/install/realsense2_camera_msgs/include/realsense2_camera_msgs/realsense2_camera_msgs/srv/detail/device_info__builder.hpp\n'}
[32.390898] (realsense2_camera_msgs) StdoutLine: {'line': b'-- Symlinking: /home/user/robocup_ws/install/realsense2_camera_msgs/include/realsense2_camera_msgs/realsense2_camera_msgs/srv/detail/device_info__struct.hpp\n'}
[32.404297] (realsense2_camera_msgs) StdoutLine: {'line': b'-- Symlinking: /home/user/robocup_ws/install/realsense2_camera_msgs/include/realsense2_camera_msgs/realsense2_camera_msgs/srv/detail/device_info__traits.hpp\n'}
[32.418180] (realsense2_camera_msgs) StdoutLine: {'line': b'-- Symlinking: /home/user/robocup_ws/install/realsense2_camera_msgs/include/realsense2_camera_msgs/realsense2_camera_msgs/srv/detail/device_info__type_support.hpp\n'}
[32.431483] (realsense2_camera_msgs) StdoutLine: {'line': b'-- Symlinking: /home/user/robocup_ws/install/realsense2_camera_msgs/include/realsense2_camera_msgs/realsense2_camera_msgs/srv/device_info.hpp\n'}
[32.445950] (realsense2_camera_msgs) StdoutLine: {'line': b'-- Symlinking: /home/user/robocup_ws/install/realsense2_camera_msgs/include/realsense2_camera_msgs/realsense2_camera_msgs/action/detail/triggered_calibration__rosidl_typesupport_fastrtps_cpp.hpp\n'}
[32.459168] (realsense2_camera_msgs) StdoutLine: {'line': b'-- Symlinking: /home/user/robocup_ws/install/realsense2_camera_msgs/include/realsense2_camera_msgs/realsense2_camera_msgs/msg/detail/extrinsics__rosidl_typesupport_fastrtps_cpp.hpp\n'}
[32.472454] (realsense2_camera_msgs) StdoutLine: {'line': b'-- Symlinking: /home/user/robocup_ws/install/realsense2_camera_msgs/include/realsense2_camera_msgs/realsense2_camera_msgs/msg/detail/imu_info__rosidl_typesupport_fastrtps_cpp.hpp\n'}
[32.474878] (-) TimerEvent: {}
[32.486107] (realsense2_camera_msgs) StdoutLine: {'line': b'-- Symlinking: /home/user/robocup_ws/install/realsense2_camera_msgs/include/realsense2_camera_msgs/realsense2_camera_msgs/msg/detail/metadata__rosidl_typesupport_fastrtps_cpp.hpp\n'}
[32.499451] (realsense2_camera_msgs) StdoutLine: {'line': b'-- Symlinking: /home/user/robocup_ws/install/realsense2_camera_msgs/include/realsense2_camera_msgs/realsense2_camera_msgs/msg/detail/rgbd__rosidl_typesupport_fastrtps_cpp.hpp\n'}
[32.512827] (realsense2_camera_msgs) StdoutLine: {'line': b'-- Symlinking: /home/user/robocup_ws/install/realsense2_camera_msgs/include/realsense2_camera_msgs/realsense2_camera_msgs/msg/rosidl_typesupport_fastrtps_cpp__visibility_control.h\n'}
[32.526849] (realsense2_camera_msgs) StdoutLine: {'line': b'-- Symlinking: /home/user/robocup_ws/install/realsense2_camera_msgs/include/realsense2_camera_msgs/realsense2_camera_msgs/srv/detail/calib_config_read__rosidl_typesupport_fastrtps_cpp.hpp\n'}
[32.540000] (realsense2_camera_msgs) StdoutLine: {'line': b'-- Symlinking: /home/user/robocup_ws/install/realsense2_camera_msgs/include/realsense2_camera_msgs/realsense2_camera_msgs/srv/detail/calib_config_write__rosidl_typesupport_fastrtps_cpp.hpp\n'}
[32.553421] (realsense2_camera_msgs) StdoutLine: {'line': b'-- Symlinking: /home/user/robocup_ws/install/realsense2_camera_msgs/include/realsense2_camera_msgs/realsense2_camera_msgs/srv/detail/device_info__rosidl_typesupport_fastrtps_cpp.hpp\n'}
[32.567364] (realsense2_camera_msgs) StdoutLine: {'line': b'-- Symlinking: /home/user/robocup_ws/install/realsense2_camera_msgs/include/realsense2_camera_msgs/realsense2_camera_msgs/action/detail/triggered_calibration__rosidl_typesupport_introspection_cpp.hpp\n'}
[32.574998] (-) TimerEvent: {}
[32.580748] (realsense2_camera_msgs) StdoutLine: {'line': b'-- Symlinking: /home/user/robocup_ws/install/realsense2_camera_msgs/include/realsense2_camera_msgs/realsense2_camera_msgs/msg/detail/extrinsics__rosidl_typesupport_introspection_cpp.hpp\n'}
[32.594308] (realsense2_camera_msgs) StdoutLine: {'line': b'-- Symlinking: /home/user/robocup_ws/install/realsense2_camera_msgs/include/realsense2_camera_msgs/realsense2_camera_msgs/msg/detail/imu_info__rosidl_typesupport_introspection_cpp.hpp\n'}
[32.608016] (realsense2_camera_msgs) StdoutLine: {'line': b'-- Symlinking: /home/user/robocup_ws/install/realsense2_camera_msgs/include/realsense2_camera_msgs/realsense2_camera_msgs/msg/detail/metadata__rosidl_typesupport_introspection_cpp.hpp\n'}
[32.622176] (realsense2_camera_msgs) StdoutLine: {'line': b'-- Symlinking: /home/user/robocup_ws/install/realsense2_camera_msgs/include/realsense2_camera_msgs/realsense2_camera_msgs/msg/detail/rgbd__rosidl_typesupport_introspection_cpp.hpp\n'}
[32.635318] (realsense2_camera_msgs) StdoutLine: {'line': b'-- Symlinking: /home/user/robocup_ws/install/realsense2_camera_msgs/include/realsense2_camera_msgs/realsense2_camera_msgs/srv/detail/calib_config_read__rosidl_typesupport_introspection_cpp.hpp\n'}
[32.648834] (realsense2_camera_msgs) StdoutLine: {'line': b'-- Symlinking: /home/user/robocup_ws/install/realsense2_camera_msgs/include/realsense2_camera_msgs/realsense2_camera_msgs/srv/detail/calib_config_write__rosidl_typesupport_introspection_cpp.hpp\n'}
[32.662149] (realsense2_camera_msgs) StdoutLine: {'line': b'-- Symlinking: /home/user/robocup_ws/install/realsense2_camera_msgs/include/realsense2_camera_msgs/realsense2_camera_msgs/srv/detail/device_info__rosidl_typesupport_introspection_cpp.hpp\n'}
[32.675105] (-) TimerEvent: {}
[32.675634] (realsense2_camera_msgs) StdoutLine: {'line': b'-- Symlinking: /home/user/robocup_ws/install/realsense2_camera_msgs/share/realsense2_camera_msgs/environment/pythonpath.sh\n'}
[32.689259] (realsense2_camera_msgs) StdoutLine: {'line': b'-- Symlinking: /home/user/robocup_ws/install/realsense2_camera_msgs/share/realsense2_camera_msgs/environment/pythonpath.dsv\n'}
[32.703565] (realsense2_camera_msgs) StdoutLine: {'line': b'-- Symlinking: /home/user/robocup_ws/install/realsense2_camera_msgs/local/lib/python3.10/dist-packages/realsense2_camera_msgs-4.56.4-py3.10.egg-info/PKG-INFO\n'}
[32.717036] (realsense2_camera_msgs) StdoutLine: {'line': b'-- Symlinking: /home/user/robocup_ws/install/realsense2_camera_msgs/local/lib/python3.10/dist-packages/realsense2_camera_msgs-4.56.4-py3.10.egg-info/SOURCES.txt\n'}
[32.730408] (realsense2_camera_msgs) StdoutLine: {'line': b'-- Symlinking: /home/user/robocup_ws/install/realsense2_camera_msgs/local/lib/python3.10/dist-packages/realsense2_camera_msgs-4.56.4-py3.10.egg-info/dependency_links.txt\n'}
[32.743793] (realsense2_camera_msgs) StdoutLine: {'line': b'-- Symlinking: /home/user/robocup_ws/install/realsense2_camera_msgs/local/lib/python3.10/dist-packages/realsense2_camera_msgs-4.56.4-py3.10.egg-info/top_level.txt\n'}
[32.758559] (realsense2_camera_msgs) StdoutLine: {'line': b'-- Symlinking: /home/user/robocup_ws/install/realsense2_camera_msgs/local/lib/python3.10/dist-packages/realsense2_camera_msgs/__init__.py\n'}
[32.772028] (realsense2_camera_msgs) StdoutLine: {'line': b'-- Symlinking: /home/user/robocup_ws/install/realsense2_camera_msgs/local/lib/python3.10/dist-packages/realsense2_camera_msgs/_realsense2_camera_msgs_s.ep.rosidl_typesupport_c.c\n'}
[32.775218] (-) TimerEvent: {}
[32.785555] (realsense2_camera_msgs) StdoutLine: {'line': b'-- Symlinking: /home/user/robocup_ws/install/realsense2_camera_msgs/local/lib/python3.10/dist-packages/realsense2_camera_msgs/_realsense2_camera_msgs_s.ep.rosidl_typesupport_fastrtps_c.c\n'}
[32.798893] (realsense2_camera_msgs) StdoutLine: {'line': b'-- Symlinking: /home/user/robocup_ws/install/realsense2_camera_msgs/local/lib/python3.10/dist-packages/realsense2_camera_msgs/_realsense2_camera_msgs_s.ep.rosidl_typesupport_introspection_c.c\n'}
[32.812171] (realsense2_camera_msgs) StdoutLine: {'line': b'-- Symlinking: /home/user/robocup_ws/install/realsense2_camera_msgs/local/lib/python3.10/dist-packages/realsense2_camera_msgs/action/__init__.py\n'}
[32.825790] (realsense2_camera_msgs) StdoutLine: {'line': b'-- Symlinking: /home/user/robocup_ws/install/realsense2_camera_msgs/local/lib/python3.10/dist-packages/realsense2_camera_msgs/action/_triggered_calibration.py\n'}
[32.839150] (realsense2_camera_msgs) StdoutLine: {'line': b'-- Symlinking: /home/user/robocup_ws/install/realsense2_camera_msgs/local/lib/python3.10/dist-packages/realsense2_camera_msgs/action/_triggered_calibration_s.c\n'}
[32.852537] (realsense2_camera_msgs) StdoutLine: {'line': b'-- Symlinking: /home/user/robocup_ws/install/realsense2_camera_msgs/local/lib/python3.10/dist-packages/realsense2_camera_msgs/librealsense2_camera_msgs__rosidl_generator_py.so\n'}
[32.866158] (realsense2_camera_msgs) StdoutLine: {'line': b'-- Symlinking: /home/user/robocup_ws/install/realsense2_camera_msgs/local/lib/python3.10/dist-packages/realsense2_camera_msgs/msg/__init__.py\n'}
[32.875327] (-) TimerEvent: {}
[32.879622] (realsense2_camera_msgs) StdoutLine: {'line': b'-- Symlinking: /home/user/robocup_ws/install/realsense2_camera_msgs/local/lib/python3.10/dist-packages/realsense2_camera_msgs/msg/_extrinsics.py\n'}
[32.892913] (realsense2_camera_msgs) StdoutLine: {'line': b'-- Symlinking: /home/user/robocup_ws/install/realsense2_camera_msgs/local/lib/python3.10/dist-packages/realsense2_camera_msgs/msg/_extrinsics_s.c\n'}
[32.906443] (realsense2_camera_msgs) StdoutLine: {'line': b'-- Symlinking: /home/user/robocup_ws/install/realsense2_camera_msgs/local/lib/python3.10/dist-packages/realsense2_camera_msgs/msg/_imu_info.py\n'}
[32.920560] (realsense2_camera_msgs) StdoutLine: {'line': b'-- Symlinking: /home/user/robocup_ws/install/realsense2_camera_msgs/local/lib/python3.10/dist-packages/realsense2_camera_msgs/msg/_imu_info_s.c\n'}
[32.934081] (realsense2_camera_msgs) StdoutLine: {'line': b'-- Symlinking: /home/user/robocup_ws/install/realsense2_camera_msgs/local/lib/python3.10/dist-packages/realsense2_camera_msgs/msg/_metadata.py\n'}
[32.947499] (realsense2_camera_msgs) StdoutLine: {'line': b'-- Symlinking: /home/user/robocup_ws/install/realsense2_camera_msgs/local/lib/python3.10/dist-packages/realsense2_camera_msgs/msg/_metadata_s.c\n'}
[32.960761] (realsense2_camera_msgs) StdoutLine: {'line': b'-- Symlinking: /home/user/robocup_ws/install/realsense2_camera_msgs/local/lib/python3.10/dist-packages/realsense2_camera_msgs/msg/_rgbd.py\n'}
[32.974327] (realsense2_camera_msgs) StdoutLine: {'line': b'-- Symlinking: /home/user/robocup_ws/install/realsense2_camera_msgs/local/lib/python3.10/dist-packages/realsense2_camera_msgs/msg/_rgbd_s.c\n'}
[32.975414] (-) TimerEvent: {}
[32.987949] (realsense2_camera_msgs) StdoutLine: {'line': b'-- Symlinking: /home/user/robocup_ws/install/realsense2_camera_msgs/local/lib/python3.10/dist-packages/realsense2_camera_msgs/realsense2_camera_msgs_s__rosidl_typesupport_c.cpython-310-x86_64-linux-gnu.so\n'}
[33.001279] (realsense2_camera_msgs) StdoutLine: {'line': b'-- Symlinking: /home/user/robocup_ws/install/realsense2_camera_msgs/local/lib/python3.10/dist-packages/realsense2_camera_msgs/realsense2_camera_msgs_s__rosidl_typesupport_fastrtps_c.cpython-310-x86_64-linux-gnu.so\n'}
[33.015578] (realsense2_camera_msgs) StdoutLine: {'line': b'-- Symlinking: /home/user/robocup_ws/install/realsense2_camera_msgs/local/lib/python3.10/dist-packages/realsense2_camera_msgs/realsense2_camera_msgs_s__rosidl_typesupport_introspection_c.cpython-310-x86_64-linux-gnu.so\n'}
[33.029544] (realsense2_camera_msgs) StdoutLine: {'line': b'-- Symlinking: /home/user/robocup_ws/install/realsense2_camera_msgs/local/lib/python3.10/dist-packages/realsense2_camera_msgs/srv/__init__.py\n'}
[33.042900] (realsense2_camera_msgs) StdoutLine: {'line': b'-- Symlinking: /home/user/robocup_ws/install/realsense2_camera_msgs/local/lib/python3.10/dist-packages/realsense2_camera_msgs/srv/_calib_config_read.py\n'}
[33.056364] (realsense2_camera_msgs) StdoutLine: {'line': b'-- Symlinking: /home/user/robocup_ws/install/realsense2_camera_msgs/local/lib/python3.10/dist-packages/realsense2_camera_msgs/srv/_calib_config_read_s.c\n'}
[33.069833] (realsense2_camera_msgs) StdoutLine: {'line': b'-- Symlinking: /home/user/robocup_ws/install/realsense2_camera_msgs/local/lib/python3.10/dist-packages/realsense2_camera_msgs/srv/_calib_config_write.py\n'}
[33.075563] (-) TimerEvent: {}
[33.083095] (realsense2_camera_msgs) StdoutLine: {'line': b'-- Symlinking: /home/user/robocup_ws/install/realsense2_camera_msgs/local/lib/python3.10/dist-packages/realsense2_camera_msgs/srv/_calib_config_write_s.c\n'}
[33.096436] (realsense2_camera_msgs) StdoutLine: {'line': b'-- Symlinking: /home/user/robocup_ws/install/realsense2_camera_msgs/local/lib/python3.10/dist-packages/realsense2_camera_msgs/srv/_device_info.py\n'}
[33.109924] (realsense2_camera_msgs) StdoutLine: {'line': b'-- Symlinking: /home/user/robocup_ws/install/realsense2_camera_msgs/local/lib/python3.10/dist-packages/realsense2_camera_msgs/srv/_device_info_s.c\n'}
[33.124347] (realsense2_camera_msgs) StdoutLine: {'line': b'-- Up-to-date symlink: /home/user/robocup_ws/install/realsense2_camera_msgs/local/lib/python3.10/dist-packages/realsense2_camera_msgs/realsense2_camera_msgs_s__rosidl_typesupport_fastrtps_c.cpython-310-x86_64-linux-gnu.so\n'}
[33.124822] (realsense2_camera_msgs) StdoutLine: {'line': b'-- Up-to-date symlink: /home/user/robocup_ws/install/realsense2_camera_msgs/local/lib/python3.10/dist-packages/realsense2_camera_msgs/realsense2_camera_msgs_s__rosidl_typesupport_introspection_c.cpython-310-x86_64-linux-gnu.so\n'}
[33.125382] (realsense2_camera_msgs) StdoutLine: {'line': b'-- Up-to-date symlink: /home/user/robocup_ws/install/realsense2_camera_msgs/local/lib/python3.10/dist-packages/realsense2_camera_msgs/realsense2_camera_msgs_s__rosidl_typesupport_c.cpython-310-x86_64-linux-gnu.so\n'}
[33.125811] (realsense2_camera_msgs) StdoutLine: {'line': b'-- Symlinking: /home/user/robocup_ws/install/realsense2_camera_msgs/share/realsense2_camera_msgs/msg/IMUInfo.idl\n'}
[33.140192] (realsense2_camera_msgs) StdoutLine: {'line': b'-- Symlinking: /home/user/robocup_ws/install/realsense2_camera_msgs/share/realsense2_camera_msgs/msg/Extrinsics.idl\n'}
[33.153613] (realsense2_camera_msgs) StdoutLine: {'line': b'-- Symlinking: /home/user/robocup_ws/install/realsense2_camera_msgs/share/realsense2_camera_msgs/msg/Metadata.idl\n'}
[33.167114] (realsense2_camera_msgs) StdoutLine: {'line': b'-- Symlinking: /home/user/robocup_ws/install/realsense2_camera_msgs/share/realsense2_camera_msgs/msg/RGBD.idl\n'}
[33.175706] (-) TimerEvent: {}
[33.180713] (realsense2_camera_msgs) StdoutLine: {'line': b'-- Symlinking: /home/user/robocup_ws/install/realsense2_camera_msgs/share/realsense2_camera_msgs/srv/DeviceInfo.idl\n'}
[33.194132] (realsense2_camera_msgs) StdoutLine: {'line': b'-- Symlinking: /home/user/robocup_ws/install/realsense2_camera_msgs/share/realsense2_camera_msgs/srv/CalibConfigRead.idl\n'}
[33.207867] (realsense2_camera_msgs) StdoutLine: {'line': b'-- Symlinking: /home/user/robocup_ws/install/realsense2_camera_msgs/share/realsense2_camera_msgs/srv/CalibConfigWrite.idl\n'}
[33.221892] (realsense2_camera_msgs) StdoutLine: {'line': b'-- Symlinking: /home/user/robocup_ws/install/realsense2_camera_msgs/share/realsense2_camera_msgs/action/TriggeredCalibration.idl\n'}
[33.235416] (realsense2_camera_msgs) StdoutLine: {'line': b'-- Symlinking: /home/user/robocup_ws/install/realsense2_camera_msgs/share/realsense2_camera_msgs/msg/IMUInfo.msg\n'}
[33.248633] (realsense2_camera_msgs) StdoutLine: {'line': b'-- Symlinking: /home/user/robocup_ws/install/realsense2_camera_msgs/share/realsense2_camera_msgs/msg/Extrinsics.msg\n'}
[33.261914] (realsense2_camera_msgs) StdoutLine: {'line': b'-- Symlinking: /home/user/robocup_ws/install/realsense2_camera_msgs/share/realsense2_camera_msgs/msg/Metadata.msg\n'}
[33.275416] (realsense2_camera_msgs) StdoutLine: {'line': b'-- Symlinking: /home/user/robocup_ws/install/realsense2_camera_msgs/share/realsense2_camera_msgs/msg/RGBD.msg\n'}
[33.275773] (-) TimerEvent: {}
[33.289060] (realsense2_camera_msgs) StdoutLine: {'line': b'-- Symlinking: /home/user/robocup_ws/install/realsense2_camera_msgs/share/realsense2_camera_msgs/srv/DeviceInfo.srv\n'}
[33.302664] (realsense2_camera_msgs) StdoutLine: {'line': b'-- Symlinking: /home/user/robocup_ws/install/realsense2_camera_msgs/share/realsense2_camera_msgs/srv/DeviceInfo_Request.msg\n'}
[33.316828] (realsense2_camera_msgs) StdoutLine: {'line': b'-- Symlinking: /home/user/robocup_ws/install/realsense2_camera_msgs/share/realsense2_camera_msgs/srv/DeviceInfo_Response.msg\n'}
[33.330606] (realsense2_camera_msgs) StdoutLine: {'line': b'-- Symlinking: /home/user/robocup_ws/install/realsense2_camera_msgs/share/realsense2_camera_msgs/srv/CalibConfigRead.srv\n'}
[33.344218] (realsense2_camera_msgs) StdoutLine: {'line': b'-- Symlinking: /home/user/robocup_ws/install/realsense2_camera_msgs/share/realsense2_camera_msgs/srv/CalibConfigRead_Request.msg\n'}
[33.357675] (realsense2_camera_msgs) StdoutLine: {'line': b'-- Symlinking: /home/user/robocup_ws/install/realsense2_camera_msgs/share/realsense2_camera_msgs/srv/CalibConfigRead_Response.msg\n'}
[33.374295] (realsense2_camera_msgs) StdoutLine: {'line': b'-- Symlinking: /home/user/robocup_ws/install/realsense2_camera_msgs/share/realsense2_camera_msgs/srv/CalibConfigWrite.srv\n'}
[33.375903] (-) TimerEvent: {}
[33.388597] (realsense2_camera_msgs) StdoutLine: {'line': b'-- Symlinking: /home/user/robocup_ws/install/realsense2_camera_msgs/share/realsense2_camera_msgs/srv/CalibConfigWrite_Request.msg\n'}
[33.401970] (realsense2_camera_msgs) StdoutLine: {'line': b'-- Symlinking: /home/user/robocup_ws/install/realsense2_camera_msgs/share/realsense2_camera_msgs/srv/CalibConfigWrite_Response.msg\n'}
[33.415866] (realsense2_camera_msgs) StdoutLine: {'line': b'-- Symlinking: /home/user/robocup_ws/install/realsense2_camera_msgs/share/realsense2_camera_msgs/action/TriggeredCalibration.action\n'}
[33.429845] (realsense2_camera_msgs) StdoutLine: {'line': b'-- Symlinking: /home/user/robocup_ws/install/realsense2_camera_msgs/share/ament_index/resource_index/package_run_dependencies/realsense2_camera_msgs\n'}
[33.443360] (realsense2_camera_msgs) StdoutLine: {'line': b'-- Symlinking: /home/user/robocup_ws/install/realsense2_camera_msgs/share/ament_index/resource_index/parent_prefix_path/realsense2_camera_msgs\n'}
[33.456724] (realsense2_camera_msgs) StdoutLine: {'line': b'-- Symlinking: /home/user/robocup_ws/install/realsense2_camera_msgs/share/realsense2_camera_msgs/environment/ament_prefix_path.sh\n'}
[33.470395] (realsense2_camera_msgs) StdoutLine: {'line': b'-- Symlinking: /home/user/robocup_ws/install/realsense2_camera_msgs/share/realsense2_camera_msgs/environment/ament_prefix_path.dsv\n'}
[33.476042] (-) TimerEvent: {}
[33.483611] (realsense2_camera_msgs) StdoutLine: {'line': b'-- Symlinking: /home/user/robocup_ws/install/realsense2_camera_msgs/share/realsense2_camera_msgs/environment/path.sh\n'}
[33.496984] (realsense2_camera_msgs) StdoutLine: {'line': b'-- Symlinking: /home/user/robocup_ws/install/realsense2_camera_msgs/share/realsense2_camera_msgs/environment/path.dsv\n'}
[33.510522] (realsense2_camera_msgs) StdoutLine: {'line': b'-- Symlinking: /home/user/robocup_ws/install/realsense2_camera_msgs/share/realsense2_camera_msgs/local_setup.bash\n'}
[33.524362] (realsense2_camera_msgs) StdoutLine: {'line': b'-- Symlinking: /home/user/robocup_ws/install/realsense2_camera_msgs/share/realsense2_camera_msgs/local_setup.sh\n'}
[33.537629] (realsense2_camera_msgs) StdoutLine: {'line': b'-- Symlinking: /home/user/robocup_ws/install/realsense2_camera_msgs/share/realsense2_camera_msgs/local_setup.zsh\n'}
[33.550938] (realsense2_camera_msgs) StdoutLine: {'line': b'-- Symlinking: /home/user/robocup_ws/install/realsense2_camera_msgs/share/realsense2_camera_msgs/local_setup.dsv\n'}
[33.564368] (realsense2_camera_msgs) StdoutLine: {'line': b'-- Symlinking: /home/user/robocup_ws/install/realsense2_camera_msgs/share/realsense2_camera_msgs/package.dsv\n'}
[33.576172] (-) TimerEvent: {}
[33.578152] (realsense2_camera_msgs) StdoutLine: {'line': b'-- Symlinking: /home/user/robocup_ws/install/realsense2_camera_msgs/share/ament_index/resource_index/packages/realsense2_camera_msgs\n'}
[33.591930] (realsense2_camera_msgs) StdoutLine: {'line': b'-- Symlinking: /home/user/robocup_ws/install/realsense2_camera_msgs/share/realsense2_camera_msgs/cmake/rosidl_cmake-extras.cmake\n'}
[33.605580] (realsense2_camera_msgs) StdoutLine: {'line': b'-- Symlinking: /home/user/robocup_ws/install/realsense2_camera_msgs/share/realsense2_camera_msgs/cmake/ament_cmake_export_dependencies-extras.cmake\n'}
[33.619716] (realsense2_camera_msgs) StdoutLine: {'line': b'-- Symlinking: /home/user/robocup_ws/install/realsense2_camera_msgs/share/realsense2_camera_msgs/cmake/ament_cmake_export_include_directories-extras.cmake\n'}
[33.633246] (realsense2_camera_msgs) StdoutLine: {'line': b'-- Symlinking: /home/user/robocup_ws/install/realsense2_camera_msgs/share/realsense2_camera_msgs/cmake/ament_cmake_export_libraries-extras.cmake\n'}
[33.646707] (realsense2_camera_msgs) StdoutLine: {'line': b'-- Symlinking: /home/user/robocup_ws/install/realsense2_camera_msgs/share/realsense2_camera_msgs/cmake/ament_cmake_export_targets-extras.cmake\n'}
[33.659946] (realsense2_camera_msgs) StdoutLine: {'line': b'-- Symlinking: /home/user/robocup_ws/install/realsense2_camera_msgs/share/realsense2_camera_msgs/cmake/rosidl_cmake_export_typesupport_targets-extras.cmake\n'}
[33.673508] (realsense2_camera_msgs) StdoutLine: {'line': b'-- Symlinking: /home/user/robocup_ws/install/realsense2_camera_msgs/share/realsense2_camera_msgs/cmake/rosidl_cmake_export_typesupport_libraries-extras.cmake\n'}
[33.676265] (-) TimerEvent: {}
[33.687251] (realsense2_camera_msgs) StdoutLine: {'line': b'-- Symlinking: /home/user/robocup_ws/install/realsense2_camera_msgs/share/realsense2_camera_msgs/cmake/realsense2_camera_msgsConfig.cmake\n'}
[33.700553] (realsense2_camera_msgs) StdoutLine: {'line': b'-- Symlinking: /home/user/robocup_ws/install/realsense2_camera_msgs/share/realsense2_camera_msgs/cmake/realsense2_camera_msgsConfig-version.cmake\n'}
[33.713936] (realsense2_camera_msgs) StdoutLine: {'line': b'-- Symlinking: /home/user/robocup_ws/install/realsense2_camera_msgs/share/realsense2_camera_msgs/package.xml\n'}
[33.727427] (realsense2_camera_msgs) StdoutLine: {'line': b'-- Installing: /home/user/robocup_ws/install/realsense2_camera_msgs/lib/librealsense2_camera_msgs__rosidl_generator_c.so\n'}
[33.728151] (realsense2_camera_msgs) StdoutLine: {'line': b'-- Set runtime path of "/home/user/robocup_ws/install/realsense2_camera_msgs/lib/librealsense2_camera_msgs__rosidl_generator_c.so" to ""\n'}
[33.728376] (realsense2_camera_msgs) StdoutLine: {'line': b'-- Installing: /home/user/robocup_ws/install/realsense2_camera_msgs/lib/librealsense2_camera_msgs__rosidl_typesupport_fastrtps_c.so\n'}
[33.729021] (realsense2_camera_msgs) StdoutLine: {'line': b'-- Set runtime path of "/home/user/robocup_ws/install/realsense2_camera_msgs/lib/librealsense2_camera_msgs__rosidl_typesupport_fastrtps_c.so" to ""\n'}
[33.729245] (realsense2_camera_msgs) StdoutLine: {'line': b'-- Installing: /home/user/robocup_ws/install/realsense2_camera_msgs/lib/librealsense2_camera_msgs__rosidl_typesupport_introspection_c.so\n'}
[33.729800] (realsense2_camera_msgs) StdoutLine: {'line': b'-- Set runtime path of "/home/user/robocup_ws/install/realsense2_camera_msgs/lib/librealsense2_camera_msgs__rosidl_typesupport_introspection_c.so" to ""\n'}
[33.729985] (realsense2_camera_msgs) StdoutLine: {'line': b'-- Installing: /home/user/robocup_ws/install/realsense2_camera_msgs/lib/librealsense2_camera_msgs__rosidl_typesupport_c.so\n'}
[33.730506] (realsense2_camera_msgs) StdoutLine: {'line': b'-- Set runtime path of "/home/user/robocup_ws/install/realsense2_camera_msgs/lib/librealsense2_camera_msgs__rosidl_typesupport_c.so" to ""\n'}
[33.730715] (realsense2_camera_msgs) StdoutLine: {'line': b'-- Installing: /home/user/robocup_ws/install/realsense2_camera_msgs/lib/librealsense2_camera_msgs__rosidl_typesupport_fastrtps_cpp.so\n'}
[33.731431] (realsense2_camera_msgs) StdoutLine: {'line': b'-- Set runtime path of "/home/user/robocup_ws/install/realsense2_camera_msgs/lib/librealsense2_camera_msgs__rosidl_typesupport_fastrtps_cpp.so" to ""\n'}
[33.731695] (realsense2_camera_msgs) StdoutLine: {'line': b'-- Installing: /home/user/robocup_ws/install/realsense2_camera_msgs/lib/librealsense2_camera_msgs__rosidl_typesupport_introspection_cpp.so\n'}
[33.732280] (realsense2_camera_msgs) StdoutLine: {'line': b'-- Set runtime path of "/home/user/robocup_ws/install/realsense2_camera_msgs/lib/librealsense2_camera_msgs__rosidl_typesupport_introspection_cpp.so" to ""\n'}
[33.732487] (realsense2_camera_msgs) StdoutLine: {'line': b'-- Installing: /home/user/robocup_ws/install/realsense2_camera_msgs/lib/librealsense2_camera_msgs__rosidl_typesupport_cpp.so\n'}
[33.733071] (realsense2_camera_msgs) StdoutLine: {'line': b'-- Set runtime path of "/home/user/robocup_ws/install/realsense2_camera_msgs/lib/librealsense2_camera_msgs__rosidl_typesupport_cpp.so" to ""\n'}
[33.776379] (-) TimerEvent: {}
[33.807340] (realsense2_camera_msgs) StdoutLine: {'line': b"Listing '/home/user/robocup_ws/install/realsense2_camera_msgs/local/lib/python3.10/dist-packages/realsense2_camera_msgs'...\n"}
[33.807669] (realsense2_camera_msgs) StdoutLine: {'line': b"Compiling '/home/user/robocup_ws/install/realsense2_camera_msgs/local/lib/python3.10/dist-packages/realsense2_camera_msgs/__init__.py'...\n"}
[33.807769] (realsense2_camera_msgs) StdoutLine: {'line': b"Listing '/home/user/robocup_ws/install/realsense2_camera_msgs/local/lib/python3.10/dist-packages/realsense2_camera_msgs/action'...\n"}
[33.807869] (realsense2_camera_msgs) StdoutLine: {'line': b"Compiling '/home/user/robocup_ws/install/realsense2_camera_msgs/local/lib/python3.10/dist-packages/realsense2_camera_msgs/action/__init__.py'...\n"}
[33.807948] (realsense2_camera_msgs) StdoutLine: {'line': b"Compiling '/home/user/robocup_ws/install/realsense2_camera_msgs/local/lib/python3.10/dist-packages/realsense2_camera_msgs/action/_triggered_calibration.py'...\n"}
[33.808026] (realsense2_camera_msgs) StdoutLine: {'line': b"Listing '/home/user/robocup_ws/install/realsense2_camera_msgs/local/lib/python3.10/dist-packages/realsense2_camera_msgs/msg'...\n"}
[33.808101] (realsense2_camera_msgs) StdoutLine: {'line': b"Compiling '/home/user/robocup_ws/install/realsense2_camera_msgs/local/lib/python3.10/dist-packages/realsense2_camera_msgs/msg/__init__.py'...\n"}
[33.808176] (realsense2_camera_msgs) StdoutLine: {'line': b"Compiling '/home/user/robocup_ws/install/realsense2_camera_msgs/local/lib/python3.10/dist-packages/realsense2_camera_msgs/msg/_extrinsics.py'...\n"}
[33.808288] (realsense2_camera_msgs) StdoutLine: {'line': b"Compiling '/home/user/robocup_ws/install/realsense2_camera_msgs/local/lib/python3.10/dist-packages/realsense2_camera_msgs/msg/_imu_info.py'...\n"}
[33.808368] (realsense2_camera_msgs) StdoutLine: {'line': b"Compiling '/home/user/robocup_ws/install/realsense2_camera_msgs/local/lib/python3.10/dist-packages/realsense2_camera_msgs/msg/_metadata.py'...\n"}
[33.808453] (realsense2_camera_msgs) StdoutLine: {'line': b"Compiling '/home/user/robocup_ws/install/realsense2_camera_msgs/local/lib/python3.10/dist-packages/realsense2_camera_msgs/msg/_rgbd.py'...\n"}
[33.808529] (realsense2_camera_msgs) StdoutLine: {'line': b"Listing '/home/user/robocup_ws/install/realsense2_camera_msgs/local/lib/python3.10/dist-packages/realsense2_camera_msgs/srv'...\n"}
[33.808603] (realsense2_camera_msgs) StdoutLine: {'line': b"Compiling '/home/user/robocup_ws/install/realsense2_camera_msgs/local/lib/python3.10/dist-packages/realsense2_camera_msgs/srv/__init__.py'...\n"}
[33.808678] (realsense2_camera_msgs) StdoutLine: {'line': b"Compiling '/home/user/robocup_ws/install/realsense2_camera_msgs/local/lib/python3.10/dist-packages/realsense2_camera_msgs/srv/_calib_config_read.py'...\n"}
[33.808753] (realsense2_camera_msgs) StdoutLine: {'line': b"Compiling '/home/user/robocup_ws/install/realsense2_camera_msgs/local/lib/python3.10/dist-packages/realsense2_camera_msgs/srv/_calib_config_write.py'...\n"}
[33.808829] (realsense2_camera_msgs) StdoutLine: {'line': b"Compiling '/home/user/robocup_ws/install/realsense2_camera_msgs/local/lib/python3.10/dist-packages/realsense2_camera_msgs/srv/_device_info.py'...\n"}
[33.814570] (realsense2_camera_msgs) StdoutLine: {'line': b'-- Installing: /home/user/robocup_ws/install/realsense2_camera_msgs/lib/librealsense2_camera_msgs__rosidl_generator_py.so\n'}
[33.815541] (realsense2_camera_msgs) StdoutLine: {'line': b'-- Set runtime path of "/home/user/robocup_ws/install/realsense2_camera_msgs/lib/librealsense2_camera_msgs__rosidl_generator_py.so" to ""\n'}
[33.815805] (realsense2_camera_msgs) StdoutLine: {'line': b'-- Installing: /home/user/robocup_ws/install/realsense2_camera_msgs/share/realsense2_camera_msgs/cmake/export_realsense2_camera_msgs__rosidl_generator_cExport.cmake\n'}
[33.816017] (realsense2_camera_msgs) StdoutLine: {'line': b'-- Installing: /home/user/robocup_ws/install/realsense2_camera_msgs/share/realsense2_camera_msgs/cmake/export_realsense2_camera_msgs__rosidl_generator_cExport-noconfig.cmake\n'}
[33.816380] (realsense2_camera_msgs) StdoutLine: {'line': b'-- Installing: /home/user/robocup_ws/install/realsense2_camera_msgs/share/realsense2_camera_msgs/cmake/export_realsense2_camera_msgs__rosidl_typesupport_fastrtps_cExport.cmake\n'}
[33.816783] (realsense2_camera_msgs) StdoutLine: {'line': b'-- Installing: /home/user/robocup_ws/install/realsense2_camera_msgs/share/realsense2_camera_msgs/cmake/export_realsense2_camera_msgs__rosidl_typesupport_fastrtps_cExport-noconfig.cmake\n'}
[33.817134] (realsense2_camera_msgs) StdoutLine: {'line': b'-- Installing: /home/user/robocup_ws/install/realsense2_camera_msgs/share/realsense2_camera_msgs/cmake/realsense2_camera_msgs__rosidl_typesupport_introspection_cExport.cmake\n'}
[33.817374] (realsense2_camera_msgs) StdoutLine: {'line': b'-- Installing: /home/user/robocup_ws/install/realsense2_camera_msgs/share/realsense2_camera_msgs/cmake/realsense2_camera_msgs__rosidl_typesupport_introspection_cExport-noconfig.cmake\n'}
[33.817620] (realsense2_camera_msgs) StdoutLine: {'line': b'-- Installing: /home/user/robocup_ws/install/realsense2_camera_msgs/share/realsense2_camera_msgs/cmake/realsense2_camera_msgs__rosidl_typesupport_cExport.cmake\n'}
[33.817876] (realsense2_camera_msgs) StdoutLine: {'line': b'-- Installing: /home/user/robocup_ws/install/realsense2_camera_msgs/share/realsense2_camera_msgs/cmake/realsense2_camera_msgs__rosidl_typesupport_cExport-noconfig.cmake\n'}
[33.818165] (realsense2_camera_msgs) StdoutLine: {'line': b'-- Installing: /home/user/robocup_ws/install/realsense2_camera_msgs/share/realsense2_camera_msgs/cmake/export_realsense2_camera_msgs__rosidl_generator_cppExport.cmake\n'}
[33.818485] (realsense2_camera_msgs) StdoutLine: {'line': b'-- Installing: /home/user/robocup_ws/install/realsense2_camera_msgs/share/realsense2_camera_msgs/cmake/export_realsense2_camera_msgs__rosidl_typesupport_fastrtps_cppExport.cmake\n'}
[33.818817] (realsense2_camera_msgs) StdoutLine: {'line': b'-- Installing: /home/user/robocup_ws/install/realsense2_camera_msgs/share/realsense2_camera_msgs/cmake/export_realsense2_camera_msgs__rosidl_typesupport_fastrtps_cppExport-noconfig.cmake\n'}
[33.819077] (realsense2_camera_msgs) StdoutLine: {'line': b'-- Installing: /home/user/robocup_ws/install/realsense2_camera_msgs/share/realsense2_camera_msgs/cmake/realsense2_camera_msgs__rosidl_typesupport_introspection_cppExport.cmake\n'}
[33.819376] (realsense2_camera_msgs) StdoutLine: {'line': b'-- Installing: /home/user/robocup_ws/install/realsense2_camera_msgs/share/realsense2_camera_msgs/cmake/realsense2_camera_msgs__rosidl_typesupport_introspection_cppExport-noconfig.cmake\n'}
[33.819625] (realsense2_camera_msgs) StdoutLine: {'line': b'-- Installing: /home/user/robocup_ws/install/realsense2_camera_msgs/share/realsense2_camera_msgs/cmake/realsense2_camera_msgs__rosidl_typesupport_cppExport.cmake\n'}
[33.819903] (realsense2_camera_msgs) StdoutLine: {'line': b'-- Installing: /home/user/robocup_ws/install/realsense2_camera_msgs/share/realsense2_camera_msgs/cmake/realsense2_camera_msgs__rosidl_typesupport_cppExport-noconfig.cmake\n'}
[33.820131] (realsense2_camera_msgs) StdoutLine: {'line': b'-- Installing: /home/user/robocup_ws/install/realsense2_camera_msgs/share/realsense2_camera_msgs/cmake/export_realsense2_camera_msgs__rosidl_generator_pyExport.cmake\n'}
[33.820419] (realsense2_camera_msgs) StdoutLine: {'line': b'-- Installing: /home/user/robocup_ws/install/realsense2_camera_msgs/share/realsense2_camera_msgs/cmake/export_realsense2_camera_msgs__rosidl_generator_pyExport-noconfig.cmake\n'}
[33.823708] (realsense2_camera_msgs) CommandEnded: {'returncode': 0}
[33.850277] (realsense2_camera_msgs) JobEnded: {'identifier': 'realsense2_camera_msgs', 'rc': 0}
[33.852529] (realsense2_camera) JobStarted: {'identifier': 'realsense2_camera'}
[33.856788] (realsense2_description) JobStarted: {'identifier': 'realsense2_description'}
[33.866479] (realsense2_camera) JobProgress: {'identifier': 'realsense2_camera', 'progress': 'cmake'}
[33.870360] (realsense2_camera) Command: {'cmd': ['/usr/bin/cmake', '/home/user/robocup_ws/src/realsense-ros/realsense2_camera', '-DAMENT_CMAKE_SYMLINK_INSTALL=1', '-DCMAKE_INSTALL_PREFIX=/home/user/robocup_ws/install/realsense2_camera'], 'cwd': '/home/user/robocup_ws/build/realsense2_camera', 'env': OrderedDict([('LESSOPEN', '| /usr/bin/lesspipe %s'), ('USER', 'user'), ('LC_TIME', 'ko_KR.UTF-8'), ('XDG_SESSION_TYPE', 'wayland'), ('SHLVL', '1'), ('LD_LIBRARY_PATH', '/home/user/robocup_ws/install/realsense2_camera_msgs/lib:/opt/ros/humble/opt/rviz_ogre_vendor/lib:/opt/ros/humble/lib/x86_64-linux-gnu:/opt/ros/humble/lib:/usr/lib/x86_64-linux-gnu/gazebo-11/plugins:/usr/lib/x86_64-linux-gnu/gazebo-11/plugins:/usr/lib/x86_64-linux-gnu/gazebo-11/plugins'), ('HOME', '/home/user'), ('OLDPWD', '/home/user/robocup_ws/src'), ('DESKTOP_SESSION', 'ubuntu'), ('GAZEBO_MASTER_URI', 'http://localhost:11345'), ('ROS_PYTHON_VERSION', '3'), ('GNOME_SHELL_SESSION_MODE', 'ubuntu'), ('GTK_MODULES', 'gail:atk-bridge'), ('LC_MONETARY', 'ko_KR.UTF-8'), ('MANAGERPID', '914'), ('SYSTEMD_EXEC_PID', '1382'), ('DBUS_SESSION_BUS_ADDRESS', 'unix:path=/run/user/1000/bus'), ('COLORTERM', 'truecolor'), ('TERMINATOR_DBUS_NAME', 'net.tenshu.Terminator25ef4b219e3b005583550f2b0f9f990c3'), ('GIO_LAUNCHED_DESKTOP_FILE_PID', '50397'), ('IM_CONFIG_PHASE', '1'), ('WAYLAND_DISPLAY', 'wayland-0'), ('ROS_DISTRO', 'humble'), ('LOGNAME', 'user'), ('JOURNAL_STREAM', '8:12562'), ('_', '/usr/bin/colcon'), ('ROS_VERSION', '2'), ('XDG_SESSION_CLASS', 'user'), ('USERNAME', 'user'), ('TERM', 'xterm-256color'), ('GAZEBO_MODEL_PATH', '/usr/share/gazebo-11/models:/usr/share/gazebo-11/models:'), ('GNOME_DESKTOP_SESSION_ID', 'this-is-deprecated'), ('ROS_LOCALHOST_ONLY', '0'), ('OGRE_RESOURCE_PATH', '/usr/lib/x86_64-linux-gnu/OGRE-1.9.0'), ('PATH', '/opt/ros/humble/bin:/home/user/.local/bin:/usr/local/sbin:/usr/local/bin:/usr/sbin:/usr/bin:/sbin:/bin:/usr/games:/usr/local/games:/snap/bin:/snap/bin'), ('SESSION_MANAGER', 'local/user-15Z970-GA3HK:@/tmp/.ICE-unix/1044,unix/user-15Z970-GA3HK:/tmp/.ICE-unix/1044'), ('INVOCATION_ID', 'f2801b7b6e2f4da9938183836f083396'), ('XDG_MENU_PREFIX', 'gnome-'), ('LC_ADDRESS', 'ko_KR.UTF-8'), ('GNOME_SETUP_DISPLAY', ':1'), ('XDG_RUNTIME_DIR', '/run/user/1000'), ('DISPLAY', ':0'), ('TERMINATOR_DBUS_PATH', '/net/tenshu/Terminator2'), ('LANG', 'en_US.UTF-8'), ('XDG_CURRENT_DESKTOP', 'ubuntu:GNOME'), ('IBUS_DISABLE_SNOOPER', '1'), ('LC_TELEPHONE', 'ko_KR.UTF-8'), ('XMODIFIERS', '@im=ibus'), ('XDG_SESSION_DESKTOP', 'ubuntu'), ('XAUTHORITY', '/run/user/1000/.mutter-Xwaylandauth.5U12J3'), ('LS_COLORS', 'rs=0:di=01;34:ln=01;36:mh=00:pi=40;33:so=01;35:do=01;35:bd=40;33;01:cd=40;33;01:or=40;31;01:mi=00:su=37;41:sg=30;43:ca=30;41:tw=30;42:ow=34;42:st=37;44:ex=01;32:*.tar=01;31:*.tgz=01;31:*.arc=01;31:*.arj=01;31:*.taz=01;31:*.lha=01;31:*.lz4=01;31:*.lzh=01;31:*.lzma=01;31:*.tlz=01;31:*.txz=01;31:*.tzo=01;31:*.t7z=01;31:*.zip=01;31:*.z=01;31:*.dz=01;31:*.gz=01;31:*.lrz=01;31:*.lz=01;31:*.lzo=01;31:*.xz=01;31:*.zst=01;31:*.tzst=01;31:*.bz2=01;31:*.bz=01;31:*.tbz=01;31:*.tbz2=01;31:*.tz=01;31:*.deb=01;31:*.rpm=01;31:*.jar=01;31:*.war=01;31:*.ear=01;31:*.sar=01;31:*.rar=01;31:*.alz=01;31:*.ace=01;31:*.zoo=01;31:*.cpio=01;31:*.7z=01;31:*.rz=01;31:*.cab=01;31:*.wim=01;31:*.swm=01;31:*.dwm=01;31:*.esd=01;31:*.jpg=01;35:*.jpeg=01;35:*.mjpg=01;35:*.mjpeg=01;35:*.gif=01;35:*.bmp=01;35:*.pbm=01;35:*.pgm=01;35:*.ppm=01;35:*.tga=01;35:*.xbm=01;35:*.xpm=01;35:*.tif=01;35:*.tiff=01;35:*.png=01;35:*.svg=01;35:*.svgz=01;35:*.mng=01;35:*.pcx=01;35:*.mov=01;35:*.mpg=01;35:*.mpeg=01;35:*.m2v=01;35:*.mkv=01;35:*.webm=01;35:*.webp=01;35:*.ogm=01;35:*.mp4=01;35:*.m4v=01;35:*.mp4v=01;35:*.vob=01;35:*.qt=01;35:*.nuv=01;35:*.wmv=01;35:*.asf=01;35:*.rm=01;35:*.rmvb=01;35:*.flc=01;35:*.avi=01;35:*.fli=01;35:*.flv=01;35:*.gl=01;35:*.dl=01;35:*.xcf=01;35:*.xwd=01;35:*.yuv=01;35:*.cgm=01;35:*.emf=01;35:*.ogv=01;35:*.ogx=01;35:*.aac=00;36:*.au=00;36:*.flac=00;36:*.m4a=00;36:*.mid=00;36:*.midi=00;36:*.mka=00;36:*.mp3=00;36:*.mpc=00;36:*.ogg=00;36:*.ra=00;36:*.wav=00;36:*.oga=00;36:*.opus=00;36:*.spx=00;36:*.xspf=00;36:'), ('SSH_AGENT_LAUNCHER', 'gnome-keyring'), ('SSH_AUTH_SOCK', '/run/user/1000/keyring/ssh'), ('ROS_DOMAIN_ID', '35'), ('AMENT_PREFIX_PATH', '/home/user/robocup_ws/install/realsense2_camera_msgs:/opt/ros/humble'), ('SHELL', '/bin/bash'), ('LC_NAME', 'ko_KR.UTF-8'), ('TERMINATOR_UUID', 'urn:uuid:87b7c693-7af3-489e-af03-8fb9beab4f2f'), ('QT_ACCESSIBILITY', '1'), ('GDMSESSION', 'ubuntu'), ('LESSCLOSE', '/usr/bin/lesspipe %s %s'), ('LC_MEASUREMENT', 'ko_KR.UTF-8'), ('GAZEBO_RESOURCE_PATH', '/usr/share/gazebo-11:/usr/share/gazebo-11:'), ('LC_IDENTIFICATION', 'ko_KR.UTF-8'), ('GAZEBO_MODEL_DATABASE_URI', 'http://models.gazebosim.org'), ('QT_IM_MODULE', 'ibus'), ('PWD', '/home/user/robocup_ws/build/realsense2_camera'), ('LC_ALL', 'en_US.UTF-8'), ('XDG_CONFIG_DIRS', '/etc/xdg/xdg-ubuntu:/etc/xdg'), ('GAZEBO_PLUGIN_PATH', '/usr/lib/x86_64-linux-gnu/gazebo-11/plugins:/usr/lib/x86_64-linux-gnu/gazebo-11/plugins:'), ('XDG_DATA_DIRS', '/usr/share/ubuntu:/usr/local/share/:/usr/share/:/var/lib/snapd/desktop'), ('PYTHONPATH', '/home/user/robocup_ws/install/realsense2_camera_msgs/local/lib/python3.10/dist-packages:/opt/ros/humble/lib/python3.10/site-packages:/opt/ros/humble/local/lib/python3.10/dist-packages'), ('LC_NUMERIC', 'ko_KR.UTF-8'), ('LC_PAPER', 'ko_KR.UTF-8'), ('COLCON', '1'), ('VTE_VERSION', '6800'), ('CMAKE_PREFIX_PATH', '/home/user/robocup_ws/install/realsense2_camera_msgs:/opt/ros/humble')]), 'shell': False}
[33.874496] (realsense2_description) JobProgress: {'identifier': 'realsense2_description', 'progress': 'cmake'}
[33.875491] (realsense2_description) Command: {'cmd': ['/usr/bin/cmake', '/home/user/robocup_ws/src/realsense-ros/realsense2_description', '-DAMENT_CMAKE_SYMLINK_INSTALL=1', '-DCMAKE_INSTALL_PREFIX=/home/user/robocup_ws/install/realsense2_description'], 'cwd': '/home/user/robocup_ws/build/realsense2_description', 'env': OrderedDict([('LESSOPEN', '| /usr/bin/lesspipe %s'), ('USER', 'user'), ('LC_TIME', 'ko_KR.UTF-8'), ('XDG_SESSION_TYPE', 'wayland'), ('SHLVL', '1'), ('LD_LIBRARY_PATH', '/home/user/robocup_ws/install/realsense2_camera_msgs/lib:/opt/ros/humble/opt/rviz_ogre_vendor/lib:/opt/ros/humble/lib/x86_64-linux-gnu:/opt/ros/humble/lib:/usr/lib/x86_64-linux-gnu/gazebo-11/plugins:/usr/lib/x86_64-linux-gnu/gazebo-11/plugins:/usr/lib/x86_64-linux-gnu/gazebo-11/plugins'), ('HOME', '/home/user'), ('OLDPWD', '/home/user/robocup_ws/src'), ('DESKTOP_SESSION', 'ubuntu'), ('GAZEBO_MASTER_URI', 'http://localhost:11345'), ('ROS_PYTHON_VERSION', '3'), ('GNOME_SHELL_SESSION_MODE', 'ubuntu'), ('GTK_MODULES', 'gail:atk-bridge'), ('LC_MONETARY', 'ko_KR.UTF-8'), ('MANAGERPID', '914'), ('SYSTEMD_EXEC_PID', '1382'), ('DBUS_SESSION_BUS_ADDRESS', 'unix:path=/run/user/1000/bus'), ('COLORTERM', 'truecolor'), ('TERMINATOR_DBUS_NAME', 'net.tenshu.Terminator25ef4b219e3b005583550f2b0f9f990c3'), ('GIO_LAUNCHED_DESKTOP_FILE_PID', '50397'), ('IM_CONFIG_PHASE', '1'), ('WAYLAND_DISPLAY', 'wayland-0'), ('ROS_DISTRO', 'humble'), ('LOGNAME', 'user'), ('JOURNAL_STREAM', '8:12562'), ('_', '/usr/bin/colcon'), ('ROS_VERSION', '2'), ('XDG_SESSION_CLASS', 'user'), ('USERNAME', 'user'), ('TERM', 'xterm-256color'), ('GAZEBO_MODEL_PATH', '/usr/share/gazebo-11/models:/usr/share/gazebo-11/models:'), ('GNOME_DESKTOP_SESSION_ID', 'this-is-deprecated'), ('ROS_LOCALHOST_ONLY', '0'), ('OGRE_RESOURCE_PATH', '/usr/lib/x86_64-linux-gnu/OGRE-1.9.0'), ('PATH', '/opt/ros/humble/bin:/home/user/.local/bin:/usr/local/sbin:/usr/local/bin:/usr/sbin:/usr/bin:/sbin:/bin:/usr/games:/usr/local/games:/snap/bin:/snap/bin'), ('SESSION_MANAGER', 'local/user-15Z970-GA3HK:@/tmp/.ICE-unix/1044,unix/user-15Z970-GA3HK:/tmp/.ICE-unix/1044'), ('INVOCATION_ID', 'f2801b7b6e2f4da9938183836f083396'), ('XDG_MENU_PREFIX', 'gnome-'), ('LC_ADDRESS', 'ko_KR.UTF-8'), ('GNOME_SETUP_DISPLAY', ':1'), ('XDG_RUNTIME_DIR', '/run/user/1000'), ('DISPLAY', ':0'), ('TERMINATOR_DBUS_PATH', '/net/tenshu/Terminator2'), ('LANG', 'en_US.UTF-8'), ('XDG_CURRENT_DESKTOP', 'ubuntu:GNOME'), ('IBUS_DISABLE_SNOOPER', '1'), ('LC_TELEPHONE', 'ko_KR.UTF-8'), ('XMODIFIERS', '@im=ibus'), ('XDG_SESSION_DESKTOP', 'ubuntu'), ('XAUTHORITY', '/run/user/1000/.mutter-Xwaylandauth.5U12J3'), ('LS_COLORS', 'rs=0:di=01;34:ln=01;36:mh=00:pi=40;33:so=01;35:do=01;35:bd=40;33;01:cd=40;33;01:or=40;31;01:mi=00:su=37;41:sg=30;43:ca=30;41:tw=30;42:ow=34;42:st=37;44:ex=01;32:*.tar=01;31:*.tgz=01;31:*.arc=01;31:*.arj=01;31:*.taz=01;31:*.lha=01;31:*.lz4=01;31:*.lzh=01;31:*.lzma=01;31:*.tlz=01;31:*.txz=01;31:*.tzo=01;31:*.t7z=01;31:*.zip=01;31:*.z=01;31:*.dz=01;31:*.gz=01;31:*.lrz=01;31:*.lz=01;31:*.lzo=01;31:*.xz=01;31:*.zst=01;31:*.tzst=01;31:*.bz2=01;31:*.bz=01;31:*.tbz=01;31:*.tbz2=01;31:*.tz=01;31:*.deb=01;31:*.rpm=01;31:*.jar=01;31:*.war=01;31:*.ear=01;31:*.sar=01;31:*.rar=01;31:*.alz=01;31:*.ace=01;31:*.zoo=01;31:*.cpio=01;31:*.7z=01;31:*.rz=01;31:*.cab=01;31:*.wim=01;31:*.swm=01;31:*.dwm=01;31:*.esd=01;31:*.jpg=01;35:*.jpeg=01;35:*.mjpg=01;35:*.mjpeg=01;35:*.gif=01;35:*.bmp=01;35:*.pbm=01;35:*.pgm=01;35:*.ppm=01;35:*.tga=01;35:*.xbm=01;35:*.xpm=01;35:*.tif=01;35:*.tiff=01;35:*.png=01;35:*.svg=01;35:*.svgz=01;35:*.mng=01;35:*.pcx=01;35:*.mov=01;35:*.mpg=01;35:*.mpeg=01;35:*.m2v=01;35:*.mkv=01;35:*.webm=01;35:*.webp=01;35:*.ogm=01;35:*.mp4=01;35:*.m4v=01;35:*.mp4v=01;35:*.vob=01;35:*.qt=01;35:*.nuv=01;35:*.wmv=01;35:*.asf=01;35:*.rm=01;35:*.rmvb=01;35:*.flc=01;35:*.avi=01;35:*.fli=01;35:*.flv=01;35:*.gl=01;35:*.dl=01;35:*.xcf=01;35:*.xwd=01;35:*.yuv=01;35:*.cgm=01;35:*.emf=01;35:*.ogv=01;35:*.ogx=01;35:*.aac=00;36:*.au=00;36:*.flac=00;36:*.m4a=00;36:*.mid=00;36:*.midi=00;36:*.mka=00;36:*.mp3=00;36:*.mpc=00;36:*.ogg=00;36:*.ra=00;36:*.wav=00;36:*.oga=00;36:*.opus=00;36:*.spx=00;36:*.xspf=00;36:'), ('SSH_AGENT_LAUNCHER', 'gnome-keyring'), ('SSH_AUTH_SOCK', '/run/user/1000/keyring/ssh'), ('ROS_DOMAIN_ID', '35'), ('AMENT_PREFIX_PATH', '/home/user/robocup_ws/install/realsense2_camera_msgs:/opt/ros/humble'), ('SHELL', '/bin/bash'), ('LC_NAME', 'ko_KR.UTF-8'), ('TERMINATOR_UUID', 'urn:uuid:87b7c693-7af3-489e-af03-8fb9beab4f2f'), ('QT_ACCESSIBILITY', '1'), ('GDMSESSION', 'ubuntu'), ('LESSCLOSE', '/usr/bin/lesspipe %s %s'), ('LC_MEASUREMENT', 'ko_KR.UTF-8'), ('GAZEBO_RESOURCE_PATH', '/usr/share/gazebo-11:/usr/share/gazebo-11:'), ('LC_IDENTIFICATION', 'ko_KR.UTF-8'), ('GAZEBO_MODEL_DATABASE_URI', 'http://models.gazebosim.org'), ('QT_IM_MODULE', 'ibus'), ('PWD', '/home/user/robocup_ws/build/realsense2_description'), ('LC_ALL', 'en_US.UTF-8'), ('XDG_CONFIG_DIRS', '/etc/xdg/xdg-ubuntu:/etc/xdg'), ('GAZEBO_PLUGIN_PATH', '/usr/lib/x86_64-linux-gnu/gazebo-11/plugins:/usr/lib/x86_64-linux-gnu/gazebo-11/plugins:'), ('XDG_DATA_DIRS', '/usr/share/ubuntu:/usr/local/share/:/usr/share/:/var/lib/snapd/desktop'), ('PYTHONPATH', '/home/user/robocup_ws/install/realsense2_camera_msgs/local/lib/python3.10/dist-packages:/opt/ros/humble/lib/python3.10/site-packages:/opt/ros/humble/local/lib/python3.10/dist-packages'), ('LC_NUMERIC', 'ko_KR.UTF-8'), ('LC_PAPER', 'ko_KR.UTF-8'), ('COLCON', '1'), ('VTE_VERSION', '6800'), ('CMAKE_PREFIX_PATH', '/home/user/robocup_ws/install/realsense2_camera_msgs:/opt/ros/humble')]), 'shell': False}
[33.878179] (-) TimerEvent: {}
[33.957850] (realsense2_camera) StdoutLine: {'line': b'-- The C compiler identification is GNU 11.4.0\n'}
[33.962394] (realsense2_description) StdoutLine: {'line': b'-- The C compiler identification is GNU 11.4.0\n'}
[33.978287] (-) TimerEvent: {}
[34.045682] (realsense2_camera) StdoutLine: {'line': b'-- The CXX compiler identification is GNU 11.4.0\n'}
[34.049798] (realsense2_description) StdoutLine: {'line': b'-- The CXX compiler identification is GNU 11.4.0\n'}
[34.056520] (realsense2_camera) StdoutLine: {'line': b'-- Detecting C compiler ABI info\n'}
[34.060233] (realsense2_description) StdoutLine: {'line': b'-- Detecting C compiler ABI info\n'}
[34.078402] (-) TimerEvent: {}
[34.161265] (realsense2_camera) StdoutLine: {'line': b'-- Detecting C compiler ABI info - done\n'}
[34.163461] (realsense2_description) StdoutLine: {'line': b'-- Detecting C compiler ABI info - done\n'}
[34.178505] (-) TimerEvent: {}
[34.180091] (realsense2_camera) StdoutLine: {'line': b'-- Check for working C compiler: /usr/bin/cc - skipped\n'}
[34.180560] (realsense2_camera) StdoutLine: {'line': b'-- Detecting C compile features\n'}
[34.181214] (realsense2_camera) StdoutLine: {'line': b'-- Detecting C compile features - done\n'}
[34.181623] (realsense2_description) StdoutLine: {'line': b'-- Check for working C compiler: /usr/bin/cc - skipped\n'}
[34.182062] (realsense2_description) StdoutLine: {'line': b'-- Detecting C compile features\n'}
[34.182763] (realsense2_description) StdoutLine: {'line': b'-- Detecting C compile features - done\n'}
[34.186786] (realsense2_camera) StdoutLine: {'line': b'-- Detecting CXX compiler ABI info\n'}
[34.187139] (realsense2_description) StdoutLine: {'line': b'-- Detecting CXX compiler ABI info\n'}
[34.278628] (-) TimerEvent: {}
[34.320215] (realsense2_camera) StdoutLine: {'line': b'-- Detecting CXX compiler ABI info - done\n'}
[34.334537] (realsense2_description) StdoutLine: {'line': b'-- Detecting CXX compiler ABI info - done\n'}
[34.339421] (realsense2_camera) StdoutLine: {'line': b'-- Check for working CXX compiler: /usr/bin/c++ - skipped\n'}
[34.340004] (realsense2_camera) StdoutLine: {'line': b'-- Detecting CXX compile features\n'}
[34.341118] (realsense2_camera) StdoutLine: {'line': b'-- Detecting CXX compile features - done\n'}
[34.342511] (realsense2_camera) StdoutLine: {'line': b'-- Create Release Build.\n'}
[34.347110] (realsense2_camera) StdoutLine: {'line': b'-- Found ament_cmake: 1.3.12 (/opt/ros/humble/share/ament_cmake/cmake)\n'}
[34.351489] (realsense2_description) StdoutLine: {'line': b'-- Check for working CXX compiler: /usr/bin/c++ - skipped\n'}
[34.351972] (realsense2_description) StdoutLine: {'line': b'-- Detecting CXX compile features\n'}
[34.352754] (realsense2_description) StdoutLine: {'line': b'-- Detecting CXX compile features - done\n'}
[34.357510] (realsense2_description) StdoutLine: {'line': b'-- Found ament_cmake: 1.3.12 (/opt/ros/humble/share/ament_cmake/cmake)\n'}
[34.378742] (-) TimerEvent: {}
[34.479123] (-) TimerEvent: {}
[34.579545] (-) TimerEvent: {}
[34.589637] (realsense2_camera) StdoutLine: {'line': b'-- Found Python3: /usr/bin/python3 (found version "3.10.12") found components: Interpreter \n'}
[34.603735] (realsense2_description) StdoutLine: {'line': b'-- Found Python3: /usr/bin/python3 (found version "3.10.12") found components: Interpreter \n'}
[34.679671] (-) TimerEvent: {}
[34.691757] (realsense2_camera) StdoutLine: {'line': b'-- Override CMake install command with custom implementation using symlinks instead of copying resources\n'}
[34.703878] (realsense2_description) StdoutLine: {'line': b'-- Override CMake install command with custom implementation using symlinks instead of copying resources\n'}
[34.745652] (realsense2_camera) StdoutLine: {'line': b'-- Found builtin_interfaces: 1.2.2 (/opt/ros/humble/share/builtin_interfaces/cmake)\n'}
[34.779784] (-) TimerEvent: {}
[34.804813] (realsense2_camera) StdoutLine: {'line': b'-- Found rosidl_generator_c: 3.1.8 (/opt/ros/humble/share/rosidl_generator_c/cmake)\n'}
[34.816372] (realsense2_camera) StdoutLine: {'line': b'-- Found rosidl_adapter: 3.1.8 (/opt/ros/humble/share/rosidl_adapter/cmake)\n'}
[34.831647] (realsense2_camera) StdoutLine: {'line': b'-- Found rosidl_generator_cpp: 3.1.8 (/opt/ros/humble/share/rosidl_generator_cpp/cmake)\n'}
[34.853120] (realsense2_camera) StdoutLine: {'line': b'-- Using all available rosidl_typesupport_c: rosidl_typesupport_fastrtps_c;rosidl_typesupport_introspection_c\n'}
[34.856425] (realsense2_description) StdoutLine: {'line': b'-- Configuring done\n'}
[34.860283] (realsense2_description) StdoutLine: {'line': b'-- Generating done\n'}
[34.862490] (realsense2_description) StdoutLine: {'line': b'-- Build files have been written to: /home/user/robocup_ws/build/realsense2_description\n'}
[34.868293] (realsense2_description) CommandEnded: {'returncode': 0}
[34.869581] (realsense2_description) JobProgress: {'identifier': 'realsense2_description', 'progress': 'build'}
[34.870085] (realsense2_description) Command: {'cmd': ['/usr/bin/cmake', '--build', '/home/user/robocup_ws/build/realsense2_description', '--', '-j4', '-l4'], 'cwd': '/home/user/robocup_ws/build/realsense2_description', 'env': OrderedDict([('LESSOPEN', '| /usr/bin/lesspipe %s'), ('USER', 'user'), ('LC_TIME', 'ko_KR.UTF-8'), ('XDG_SESSION_TYPE', 'wayland'), ('SHLVL', '1'), ('LD_LIBRARY_PATH', '/home/user/robocup_ws/install/realsense2_camera_msgs/lib:/opt/ros/humble/opt/rviz_ogre_vendor/lib:/opt/ros/humble/lib/x86_64-linux-gnu:/opt/ros/humble/lib:/usr/lib/x86_64-linux-gnu/gazebo-11/plugins:/usr/lib/x86_64-linux-gnu/gazebo-11/plugins:/usr/lib/x86_64-linux-gnu/gazebo-11/plugins'), ('HOME', '/home/user'), ('OLDPWD', '/home/user/robocup_ws/src'), ('DESKTOP_SESSION', 'ubuntu'), ('GAZEBO_MASTER_URI', 'http://localhost:11345'), ('ROS_PYTHON_VERSION', '3'), ('GNOME_SHELL_SESSION_MODE', 'ubuntu'), ('GTK_MODULES', 'gail:atk-bridge'), ('LC_MONETARY', 'ko_KR.UTF-8'), ('MANAGERPID', '914'), ('SYSTEMD_EXEC_PID', '1382'), ('DBUS_SESSION_BUS_ADDRESS', 'unix:path=/run/user/1000/bus'), ('COLORTERM', 'truecolor'), ('TERMINATOR_DBUS_NAME', 'net.tenshu.Terminator25ef4b219e3b005583550f2b0f9f990c3'), ('GIO_LAUNCHED_DESKTOP_FILE_PID', '50397'), ('IM_CONFIG_PHASE', '1'), ('WAYLAND_DISPLAY', 'wayland-0'), ('ROS_DISTRO', 'humble'), ('LOGNAME', 'user'), ('JOURNAL_STREAM', '8:12562'), ('_', '/usr/bin/colcon'), ('ROS_VERSION', '2'), ('XDG_SESSION_CLASS', 'user'), ('USERNAME', 'user'), ('TERM', 'xterm-256color'), ('GAZEBO_MODEL_PATH', '/usr/share/gazebo-11/models:/usr/share/gazebo-11/models:'), ('GNOME_DESKTOP_SESSION_ID', 'this-is-deprecated'), ('ROS_LOCALHOST_ONLY', '0'), ('OGRE_RESOURCE_PATH', '/usr/lib/x86_64-linux-gnu/OGRE-1.9.0'), ('PATH', '/opt/ros/humble/bin:/home/user/.local/bin:/usr/local/sbin:/usr/local/bin:/usr/sbin:/usr/bin:/sbin:/bin:/usr/games:/usr/local/games:/snap/bin:/snap/bin'), ('SESSION_MANAGER', 'local/user-15Z970-GA3HK:@/tmp/.ICE-unix/1044,unix/user-15Z970-GA3HK:/tmp/.ICE-unix/1044'), ('INVOCATION_ID', 'f2801b7b6e2f4da9938183836f083396'), ('XDG_MENU_PREFIX', 'gnome-'), ('LC_ADDRESS', 'ko_KR.UTF-8'), ('GNOME_SETUP_DISPLAY', ':1'), ('XDG_RUNTIME_DIR', '/run/user/1000'), ('DISPLAY', ':0'), ('TERMINATOR_DBUS_PATH', '/net/tenshu/Terminator2'), ('LANG', 'en_US.UTF-8'), ('XDG_CURRENT_DESKTOP', 'ubuntu:GNOME'), ('IBUS_DISABLE_SNOOPER', '1'), ('LC_TELEPHONE', 'ko_KR.UTF-8'), ('XMODIFIERS', '@im=ibus'), ('XDG_SESSION_DESKTOP', 'ubuntu'), ('XAUTHORITY', '/run/user/1000/.mutter-Xwaylandauth.5U12J3'), ('LS_COLORS', 'rs=0:di=01;34:ln=01;36:mh=00:pi=40;33:so=01;35:do=01;35:bd=40;33;01:cd=40;33;01:or=40;31;01:mi=00:su=37;41:sg=30;43:ca=30;41:tw=30;42:ow=34;42:st=37;44:ex=01;32:*.tar=01;31:*.tgz=01;31:*.arc=01;31:*.arj=01;31:*.taz=01;31:*.lha=01;31:*.lz4=01;31:*.lzh=01;31:*.lzma=01;31:*.tlz=01;31:*.txz=01;31:*.tzo=01;31:*.t7z=01;31:*.zip=01;31:*.z=01;31:*.dz=01;31:*.gz=01;31:*.lrz=01;31:*.lz=01;31:*.lzo=01;31:*.xz=01;31:*.zst=01;31:*.tzst=01;31:*.bz2=01;31:*.bz=01;31:*.tbz=01;31:*.tbz2=01;31:*.tz=01;31:*.deb=01;31:*.rpm=01;31:*.jar=01;31:*.war=01;31:*.ear=01;31:*.sar=01;31:*.rar=01;31:*.alz=01;31:*.ace=01;31:*.zoo=01;31:*.cpio=01;31:*.7z=01;31:*.rz=01;31:*.cab=01;31:*.wim=01;31:*.swm=01;31:*.dwm=01;31:*.esd=01;31:*.jpg=01;35:*.jpeg=01;35:*.mjpg=01;35:*.mjpeg=01;35:*.gif=01;35:*.bmp=01;35:*.pbm=01;35:*.pgm=01;35:*.ppm=01;35:*.tga=01;35:*.xbm=01;35:*.xpm=01;35:*.tif=01;35:*.tiff=01;35:*.png=01;35:*.svg=01;35:*.svgz=01;35:*.mng=01;35:*.pcx=01;35:*.mov=01;35:*.mpg=01;35:*.mpeg=01;35:*.m2v=01;35:*.mkv=01;35:*.webm=01;35:*.webp=01;35:*.ogm=01;35:*.mp4=01;35:*.m4v=01;35:*.mp4v=01;35:*.vob=01;35:*.qt=01;35:*.nuv=01;35:*.wmv=01;35:*.asf=01;35:*.rm=01;35:*.rmvb=01;35:*.flc=01;35:*.avi=01;35:*.fli=01;35:*.flv=01;35:*.gl=01;35:*.dl=01;35:*.xcf=01;35:*.xwd=01;35:*.yuv=01;35:*.cgm=01;35:*.emf=01;35:*.ogv=01;35:*.ogx=01;35:*.aac=00;36:*.au=00;36:*.flac=00;36:*.m4a=00;36:*.mid=00;36:*.midi=00;36:*.mka=00;36:*.mp3=00;36:*.mpc=00;36:*.ogg=00;36:*.ra=00;36:*.wav=00;36:*.oga=00;36:*.opus=00;36:*.spx=00;36:*.xspf=00;36:'), ('SSH_AGENT_LAUNCHER', 'gnome-keyring'), ('SSH_AUTH_SOCK', '/run/user/1000/keyring/ssh'), ('ROS_DOMAIN_ID', '35'), ('AMENT_PREFIX_PATH', '/home/user/robocup_ws/install/realsense2_camera_msgs:/opt/ros/humble'), ('SHELL', '/bin/bash'), ('LC_NAME', 'ko_KR.UTF-8'), ('TERMINATOR_UUID', 'urn:uuid:87b7c693-7af3-489e-af03-8fb9beab4f2f'), ('QT_ACCESSIBILITY', '1'), ('GDMSESSION', 'ubuntu'), ('LESSCLOSE', '/usr/bin/lesspipe %s %s'), ('LC_MEASUREMENT', 'ko_KR.UTF-8'), ('GAZEBO_RESOURCE_PATH', '/usr/share/gazebo-11:/usr/share/gazebo-11:'), ('LC_IDENTIFICATION', 'ko_KR.UTF-8'), ('GAZEBO_MODEL_DATABASE_URI', 'http://models.gazebosim.org'), ('QT_IM_MODULE', 'ibus'), ('PWD', '/home/user/robocup_ws/build/realsense2_description'), ('LC_ALL', 'en_US.UTF-8'), ('XDG_CONFIG_DIRS', '/etc/xdg/xdg-ubuntu:/etc/xdg'), ('GAZEBO_PLUGIN_PATH', '/usr/lib/x86_64-linux-gnu/gazebo-11/plugins:/usr/lib/x86_64-linux-gnu/gazebo-11/plugins:'), ('XDG_DATA_DIRS', '/usr/share/ubuntu:/usr/local/share/:/usr/share/:/var/lib/snapd/desktop'), ('PYTHONPATH', '/home/user/robocup_ws/install/realsense2_camera_msgs/local/lib/python3.10/dist-packages:/opt/ros/humble/lib/python3.10/site-packages:/opt/ros/humble/local/lib/python3.10/dist-packages'), ('LC_NUMERIC', 'ko_KR.UTF-8'), ('LC_PAPER', 'ko_KR.UTF-8'), ('COLCON', '1'), ('VTE_VERSION', '6800'), ('CMAKE_PREFIX_PATH', '/home/user/robocup_ws/install/realsense2_camera_msgs:/opt/ros/humble')]), 'shell': False}
[34.879908] (-) TimerEvent: {}
[34.884176] (realsense2_camera) StdoutLine: {'line': b'-- Using all available rosidl_typesupport_cpp: rosidl_typesupport_fastrtps_cpp;rosidl_typesupport_introspection_cpp\n'}
[34.914177] (realsense2_camera) StdoutLine: {'line': b'-- Found cv_bridge: 3.2.1 (/opt/ros/humble/share/cv_bridge/cmake)\n'}
[34.930220] (realsense2_description) CommandEnded: {'returncode': 0}
[34.931232] (realsense2_description) JobProgress: {'identifier': 'realsense2_description', 'progress': 'install'}
[34.931614] (realsense2_description) Command: {'cmd': ['/usr/bin/cmake', '--install', '/home/user/robocup_ws/build/realsense2_description'], 'cwd': '/home/user/robocup_ws/build/realsense2_description', 'env': OrderedDict([('LESSOPEN', '| /usr/bin/lesspipe %s'), ('USER', 'user'), ('LC_TIME', 'ko_KR.UTF-8'), ('XDG_SESSION_TYPE', 'wayland'), ('SHLVL', '1'), ('LD_LIBRARY_PATH', '/home/user/robocup_ws/install/realsense2_camera_msgs/lib:/opt/ros/humble/opt/rviz_ogre_vendor/lib:/opt/ros/humble/lib/x86_64-linux-gnu:/opt/ros/humble/lib:/usr/lib/x86_64-linux-gnu/gazebo-11/plugins:/usr/lib/x86_64-linux-gnu/gazebo-11/plugins:/usr/lib/x86_64-linux-gnu/gazebo-11/plugins'), ('HOME', '/home/user'), ('OLDPWD', '/home/user/robocup_ws/src'), ('DESKTOP_SESSION', 'ubuntu'), ('GAZEBO_MASTER_URI', 'http://localhost:11345'), ('ROS_PYTHON_VERSION', '3'), ('GNOME_SHELL_SESSION_MODE', 'ubuntu'), ('GTK_MODULES', 'gail:atk-bridge'), ('LC_MONETARY', 'ko_KR.UTF-8'), ('MANAGERPID', '914'), ('SYSTEMD_EXEC_PID', '1382'), ('DBUS_SESSION_BUS_ADDRESS', 'unix:path=/run/user/1000/bus'), ('COLORTERM', 'truecolor'), ('TERMINATOR_DBUS_NAME', 'net.tenshu.Terminator25ef4b219e3b005583550f2b0f9f990c3'), ('GIO_LAUNCHED_DESKTOP_FILE_PID', '50397'), ('IM_CONFIG_PHASE', '1'), ('WAYLAND_DISPLAY', 'wayland-0'), ('ROS_DISTRO', 'humble'), ('LOGNAME', 'user'), ('JOURNAL_STREAM', '8:12562'), ('_', '/usr/bin/colcon'), ('ROS_VERSION', '2'), ('XDG_SESSION_CLASS', 'user'), ('USERNAME', 'user'), ('TERM', 'xterm-256color'), ('GAZEBO_MODEL_PATH', '/usr/share/gazebo-11/models:/usr/share/gazebo-11/models:'), ('GNOME_DESKTOP_SESSION_ID', 'this-is-deprecated'), ('ROS_LOCALHOST_ONLY', '0'), ('OGRE_RESOURCE_PATH', '/usr/lib/x86_64-linux-gnu/OGRE-1.9.0'), ('PATH', '/opt/ros/humble/bin:/home/user/.local/bin:/usr/local/sbin:/usr/local/bin:/usr/sbin:/usr/bin:/sbin:/bin:/usr/games:/usr/local/games:/snap/bin:/snap/bin'), ('SESSION_MANAGER', 'local/user-15Z970-GA3HK:@/tmp/.ICE-unix/1044,unix/user-15Z970-GA3HK:/tmp/.ICE-unix/1044'), ('INVOCATION_ID', 'f2801b7b6e2f4da9938183836f083396'), ('XDG_MENU_PREFIX', 'gnome-'), ('LC_ADDRESS', 'ko_KR.UTF-8'), ('GNOME_SETUP_DISPLAY', ':1'), ('XDG_RUNTIME_DIR', '/run/user/1000'), ('DISPLAY', ':0'), ('TERMINATOR_DBUS_PATH', '/net/tenshu/Terminator2'), ('LANG', 'en_US.UTF-8'), ('XDG_CURRENT_DESKTOP', 'ubuntu:GNOME'), ('IBUS_DISABLE_SNOOPER', '1'), ('LC_TELEPHONE', 'ko_KR.UTF-8'), ('XMODIFIERS', '@im=ibus'), ('XDG_SESSION_DESKTOP', 'ubuntu'), ('XAUTHORITY', '/run/user/1000/.mutter-Xwaylandauth.5U12J3'), ('LS_COLORS', 'rs=0:di=01;34:ln=01;36:mh=00:pi=40;33:so=01;35:do=01;35:bd=40;33;01:cd=40;33;01:or=40;31;01:mi=00:su=37;41:sg=30;43:ca=30;41:tw=30;42:ow=34;42:st=37;44:ex=01;32:*.tar=01;31:*.tgz=01;31:*.arc=01;31:*.arj=01;31:*.taz=01;31:*.lha=01;31:*.lz4=01;31:*.lzh=01;31:*.lzma=01;31:*.tlz=01;31:*.txz=01;31:*.tzo=01;31:*.t7z=01;31:*.zip=01;31:*.z=01;31:*.dz=01;31:*.gz=01;31:*.lrz=01;31:*.lz=01;31:*.lzo=01;31:*.xz=01;31:*.zst=01;31:*.tzst=01;31:*.bz2=01;31:*.bz=01;31:*.tbz=01;31:*.tbz2=01;31:*.tz=01;31:*.deb=01;31:*.rpm=01;31:*.jar=01;31:*.war=01;31:*.ear=01;31:*.sar=01;31:*.rar=01;31:*.alz=01;31:*.ace=01;31:*.zoo=01;31:*.cpio=01;31:*.7z=01;31:*.rz=01;31:*.cab=01;31:*.wim=01;31:*.swm=01;31:*.dwm=01;31:*.esd=01;31:*.jpg=01;35:*.jpeg=01;35:*.mjpg=01;35:*.mjpeg=01;35:*.gif=01;35:*.bmp=01;35:*.pbm=01;35:*.pgm=01;35:*.ppm=01;35:*.tga=01;35:*.xbm=01;35:*.xpm=01;35:*.tif=01;35:*.tiff=01;35:*.png=01;35:*.svg=01;35:*.svgz=01;35:*.mng=01;35:*.pcx=01;35:*.mov=01;35:*.mpg=01;35:*.mpeg=01;35:*.m2v=01;35:*.mkv=01;35:*.webm=01;35:*.webp=01;35:*.ogm=01;35:*.mp4=01;35:*.m4v=01;35:*.mp4v=01;35:*.vob=01;35:*.qt=01;35:*.nuv=01;35:*.wmv=01;35:*.asf=01;35:*.rm=01;35:*.rmvb=01;35:*.flc=01;35:*.avi=01;35:*.fli=01;35:*.flv=01;35:*.gl=01;35:*.dl=01;35:*.xcf=01;35:*.xwd=01;35:*.yuv=01;35:*.cgm=01;35:*.emf=01;35:*.ogv=01;35:*.ogx=01;35:*.aac=00;36:*.au=00;36:*.flac=00;36:*.m4a=00;36:*.mid=00;36:*.midi=00;36:*.mka=00;36:*.mp3=00;36:*.mpc=00;36:*.ogg=00;36:*.ra=00;36:*.wav=00;36:*.oga=00;36:*.opus=00;36:*.spx=00;36:*.xspf=00;36:'), ('SSH_AGENT_LAUNCHER', 'gnome-keyring'), ('SSH_AUTH_SOCK', '/run/user/1000/keyring/ssh'), ('ROS_DOMAIN_ID', '35'), ('AMENT_PREFIX_PATH', '/home/user/robocup_ws/install/realsense2_camera_msgs:/opt/ros/humble'), ('SHELL', '/bin/bash'), ('LC_NAME', 'ko_KR.UTF-8'), ('TERMINATOR_UUID', 'urn:uuid:87b7c693-7af3-489e-af03-8fb9beab4f2f'), ('QT_ACCESSIBILITY', '1'), ('GDMSESSION', 'ubuntu'), ('LESSCLOSE', '/usr/bin/lesspipe %s %s'), ('LC_MEASUREMENT', 'ko_KR.UTF-8'), ('GAZEBO_RESOURCE_PATH', '/usr/share/gazebo-11:/usr/share/gazebo-11:'), ('LC_IDENTIFICATION', 'ko_KR.UTF-8'), ('GAZEBO_MODEL_DATABASE_URI', 'http://models.gazebosim.org'), ('QT_IM_MODULE', 'ibus'), ('PWD', '/home/user/robocup_ws/build/realsense2_description'), ('LC_ALL', 'en_US.UTF-8'), ('XDG_CONFIG_DIRS', '/etc/xdg/xdg-ubuntu:/etc/xdg'), ('GAZEBO_PLUGIN_PATH', '/usr/lib/x86_64-linux-gnu/gazebo-11/plugins:/usr/lib/x86_64-linux-gnu/gazebo-11/plugins:'), ('XDG_DATA_DIRS', '/usr/share/ubuntu:/usr/local/share/:/usr/share/:/var/lib/snapd/desktop'), ('PYTHONPATH', '/home/user/robocup_ws/install/realsense2_camera_msgs/local/lib/python3.10/dist-packages:/opt/ros/humble/lib/python3.10/site-packages:/opt/ros/humble/local/lib/python3.10/dist-packages'), ('LC_NUMERIC', 'ko_KR.UTF-8'), ('LC_PAPER', 'ko_KR.UTF-8'), ('COLCON', '1'), ('VTE_VERSION', '6800'), ('CMAKE_PREFIX_PATH', '/home/user/robocup_ws/install/realsense2_camera_msgs:/opt/ros/humble')]), 'shell': False}
[34.943574] (realsense2_description) StdoutLine: {'line': b'-- Install configuration: ""\n'}
[34.944286] (realsense2_description) StdoutLine: {'line': b'-- Execute custom install script\n'}
[34.945063] (realsense2_description) StdoutLine: {'line': b'-- Symlinking: /home/user/robocup_ws/install/realsense2_description/share/realsense2_description/launch/launch_utils.py\n'}
[34.957653] (realsense2_description) StdoutLine: {'line': b'-- Symlinking: /home/user/robocup_ws/install/realsense2_description/share/realsense2_description/launch/view_model.launch.py\n'}
[34.970922] (realsense2_description) StdoutLine: {'line': b'-- Symlinking: /home/user/robocup_ws/install/realsense2_description/share/realsense2_description/meshes/d405.stl\n'}
[34.980021] (-) TimerEvent: {}
[34.983991] (realsense2_description) StdoutLine: {'line': b'-- Symlinking: /home/user/robocup_ws/install/realsense2_description/share/realsense2_description/meshes/d415.stl\n'}
[34.996768] (realsense2_description) StdoutLine: {'line': b'-- Symlinking: /home/user/robocup_ws/install/realsense2_description/share/realsense2_description/meshes/d435.dae\n'}
[35.009690] (realsense2_description) StdoutLine: {'line': b'-- Symlinking: /home/user/robocup_ws/install/realsense2_description/share/realsense2_description/meshes/d455.stl\n'}
[35.023212] (realsense2_description) StdoutLine: {'line': b'-- Symlinking: /home/user/robocup_ws/install/realsense2_description/share/realsense2_description/meshes/l515.dae\n'}
[35.027745] (realsense2_camera) StdoutLine: {'line': b'-- Found image_transport: 3.1.12 (/opt/ros/humble/share/image_transport/cmake)\n'}
[35.036095] (realsense2_description) StdoutLine: {'line': b'-- Symlinking: /home/user/robocup_ws/install/realsense2_description/share/realsense2_description/meshes/plug.stl\n'}
[35.048794] (realsense2_description) StdoutLine: {'line': b'-- Symlinking: /home/user/robocup_ws/install/realsense2_description/share/realsense2_description/meshes/plug_collision.stl\n'}
[35.061762] (realsense2_description) StdoutLine: {'line': b'-- Symlinking: /home/user/robocup_ws/install/realsense2_description/share/realsense2_description/rviz/urdf.rviz\n'}
[35.075261] (realsense2_description) StdoutLine: {'line': b'-- Symlinking: /home/user/robocup_ws/install/realsense2_description/share/realsense2_description/urdf/_d405.urdf.xacro\n'}
[35.080139] (-) TimerEvent: {}
[35.088436] (realsense2_description) StdoutLine: {'line': b'-- Symlinking: /home/user/robocup_ws/install/realsense2_description/share/realsense2_description/urdf/_d415.urdf.xacro\n'}
[35.101349] (realsense2_description) StdoutLine: {'line': b'-- Symlinking: /home/user/robocup_ws/install/realsense2_description/share/realsense2_description/urdf/_d435.urdf.xacro\n'}
[35.114499] (realsense2_description) StdoutLine: {'line': b'-- Symlinking: /home/user/robocup_ws/install/realsense2_description/share/realsense2_description/urdf/_d435i.urdf.xacro\n'}
[35.127299] (realsense2_camera) StdoutLine: {'line': b'-- Found rmw_implementation_cmake: 6.1.2 (/opt/ros/humble/share/rmw_implementation_cmake/cmake)\n'}
[35.127646] (realsense2_description) StdoutLine: {'line': b'-- Symlinking: /home/user/robocup_ws/install/realsense2_description/share/realsense2_description/urdf/_d435i_imu_modules.urdf.xacro\n'}
[35.133628] (realsense2_camera) StdoutLine: {'line': b'-- Found rmw_fastrtps_cpp: 6.2.9 (/opt/ros/humble/share/rmw_fastrtps_cpp/cmake)\n'}
[35.140542] (realsense2_description) StdoutLine: {'line': b'-- Symlinking: /home/user/robocup_ws/install/realsense2_description/share/realsense2_description/urdf/_d455.urdf.xacro\n'}
[35.153370] (realsense2_description) StdoutLine: {'line': b'-- Symlinking: /home/user/robocup_ws/install/realsense2_description/share/realsense2_description/urdf/_materials.urdf.xacro\n'}
[35.166333] (realsense2_description) StdoutLine: {'line': b'-- Symlinking: /home/user/robocup_ws/install/realsense2_description/share/realsense2_description/urdf/_r410.urdf.xacro\n'}
[35.179053] (realsense2_description) StdoutLine: {'line': b'-- Symlinking: /home/user/robocup_ws/install/realsense2_description/share/realsense2_description/urdf/_r430.urdf.xacro\n'}
[35.180275] (-) TimerEvent: {}
[35.192148] (realsense2_description) StdoutLine: {'line': b'-- Symlinking: /home/user/robocup_ws/install/realsense2_description/share/realsense2_description/urdf/_usb_plug.urdf.xacro\n'}
[35.205136] (realsense2_description) StdoutLine: {'line': b'-- Symlinking: /home/user/robocup_ws/install/realsense2_description/share/realsense2_description/urdf/test_d405_camera.urdf.xacro\n'}
[35.219479] (realsense2_description) StdoutLine: {'line': b'-- Symlinking: /home/user/robocup_ws/install/realsense2_description/share/realsense2_description/urdf/test_d415_camera.urdf.xacro\n'}
[35.232347] (realsense2_description) StdoutLine: {'line': b'-- Symlinking: /home/user/robocup_ws/install/realsense2_description/share/realsense2_description/urdf/test_d435_camera.urdf.xacro\n'}
[35.245369] (realsense2_description) StdoutLine: {'line': b'-- Symlinking: /home/user/robocup_ws/install/realsense2_description/share/realsense2_description/urdf/test_d435_multiple_cameras.urdf.xacro\n'}
[35.258217] (realsense2_description) StdoutLine: {'line': b'-- Symlinking: /home/user/robocup_ws/install/realsense2_description/share/realsense2_description/urdf/test_d435i_camera.urdf.xacro\n'}
[35.272522] (realsense2_description) StdoutLine: {'line': b'-- Symlinking: /home/user/robocup_ws/install/realsense2_description/share/realsense2_description/urdf/test_d455_camera.urdf.xacro\n'}
[35.280412] (-) TimerEvent: {}
[35.286308] (realsense2_description) StdoutLine: {'line': b'-- Symlinking: /home/user/robocup_ws/install/realsense2_description/share/realsense2_description/urdf/test_r410_camera.urdf.xacro\n'}
[35.291744] (realsense2_camera) StdoutLine: {'line': b'-- Found OpenSSL: /usr/lib/x86_64-linux-gnu/libcrypto.so (found version "3.0.2")  \n'}
[35.299084] (realsense2_description) StdoutLine: {'line': b'-- Symlinking: /home/user/robocup_ws/install/realsense2_description/share/realsense2_description/urdf/test_r430_camera.urdf.xacro\n'}
[35.312836] (realsense2_description) StdoutLine: {'line': b'-- Symlinking: /home/user/robocup_ws/install/realsense2_description/share/ament_index/resource_index/package_run_dependencies/realsense2_description\n'}
[35.325864] (realsense2_description) StdoutLine: {'line': b'-- Symlinking: /home/user/robocup_ws/install/realsense2_description/share/ament_index/resource_index/parent_prefix_path/realsense2_description\n'}
[35.338736] (realsense2_description) StdoutLine: {'line': b'-- Symlinking: /home/user/robocup_ws/install/realsense2_description/share/realsense2_description/environment/ament_prefix_path.sh\n'}
[35.340268] (realsense2_camera) StdoutLine: {'line': b'-- Found FastRTPS: /opt/ros/humble/include  \n'}
[35.351541] (realsense2_description) StdoutLine: {'line': b'-- Symlinking: /home/user/robocup_ws/install/realsense2_description/share/realsense2_description/environment/ament_prefix_path.dsv\n'}
[35.364087] (realsense2_description) StdoutLine: {'line': b'-- Symlinking: /home/user/robocup_ws/install/realsense2_description/share/realsense2_description/environment/path.sh\n'}
[35.377363] (realsense2_description) StdoutLine: {'line': b'-- Symlinking: /home/user/robocup_ws/install/realsense2_description/share/realsense2_description/environment/path.dsv\n'}
[35.380515] (-) TimerEvent: {}
[35.390617] (realsense2_description) StdoutLine: {'line': b'-- Symlinking: /home/user/robocup_ws/install/realsense2_description/share/realsense2_description/local_setup.bash\n'}
[35.403640] (realsense2_description) StdoutLine: {'line': b'-- Symlinking: /home/user/robocup_ws/install/realsense2_description/share/realsense2_description/local_setup.sh\n'}
[35.412130] (realsense2_camera) StdoutLine: {'line': b"-- Using RMW implementation 'rmw_fastrtps_cpp' as default\n"}
[35.417784] (realsense2_description) StdoutLine: {'line': b'-- Symlinking: /home/user/robocup_ws/install/realsense2_description/share/realsense2_description/local_setup.zsh\n'}
[35.430824] (realsense2_description) StdoutLine: {'line': b'-- Symlinking: /home/user/robocup_ws/install/realsense2_description/share/realsense2_description/local_setup.dsv\n'}
[35.435225] (realsense2_camera) StdoutLine: {'line': b'-- Looking for pthread.h\n'}
[35.444142] (realsense2_description) StdoutLine: {'line': b'-- Symlinking: /home/user/robocup_ws/install/realsense2_description/share/realsense2_description/package.dsv\n'}
[35.457011] (realsense2_description) StdoutLine: {'line': b'-- Symlinking: /home/user/robocup_ws/install/realsense2_description/share/ament_index/resource_index/packages/realsense2_description\n'}
[35.469773] (realsense2_description) StdoutLine: {'line': b'-- Symlinking: /home/user/robocup_ws/install/realsense2_description/share/realsense2_description/cmake/realsense2_descriptionConfig.cmake\n'}
[35.480629] (-) TimerEvent: {}
[35.482687] (realsense2_description) StdoutLine: {'line': b'-- Symlinking: /home/user/robocup_ws/install/realsense2_description/share/realsense2_description/cmake/realsense2_descriptionConfig-version.cmake\n'}
[35.495880] (realsense2_description) StdoutLine: {'line': b'-- Symlinking: /home/user/robocup_ws/install/realsense2_description/share/realsense2_description/package.xml\n'}
[35.511669] (realsense2_description) CommandEnded: {'returncode': 0}
[35.534701] (realsense2_description) JobEnded: {'identifier': 'realsense2_description', 'rc': 0}
[35.545730] (realsense2_camera) StdoutLine: {'line': b'-- Looking for pthread.h - found\n'}
[35.546181] (realsense2_camera) StdoutLine: {'line': b'-- Performing Test CMAKE_HAVE_LIBC_PTHREAD\n'}
[35.580752] (-) TimerEvent: {}
[35.653977] (realsense2_camera) StdoutLine: {'line': b'-- Performing Test CMAKE_HAVE_LIBC_PTHREAD - Success\n'}
[35.655696] (realsense2_camera) StdoutLine: {'line': b'-- Found Threads: TRUE  \n'}
[35.680892] (-) TimerEvent: {}
[35.781252] (-) TimerEvent: {}
[35.802455] (realsense2_camera) StdoutLine: {'line': b'-- Found rclcpp_action: 16.0.17 (/opt/ros/humble/share/rclcpp_action/cmake)\n'}
[35.865846] (realsense2_camera) StdoutLine: {'line': b'-- Found rclcpp_components: 16.0.17 (/opt/ros/humble/share/rclcpp_components/cmake)\n'}
[35.881399] (-) TimerEvent: {}
[35.910766] (realsense2_camera) StdoutLine: {'line': b'-- Found realsense2_camera_msgs: 4.56.4 (/home/user/robocup_ws/install/realsense2_camera_msgs/share/realsense2_camera_msgs/cmake)\n'}
[35.947994] (realsense2_camera) StdoutLine: {'line': b'-- Found std_srvs: 4.9.0 (/opt/ros/humble/share/std_srvs/cmake)\n'}
[35.974268] (realsense2_camera) StdoutLine: {'line': b'-- Found nav_msgs: 4.9.0 (/opt/ros/humble/share/nav_msgs/cmake)\n'}
[35.981494] (-) TimerEvent: {}
[36.014726] (realsense2_camera) StdoutLine: {'line': b'-- Found tf2_ros: 0.25.18 (/opt/ros/humble/share/tf2_ros/cmake)\n'}
[36.081654] (-) TimerEvent: {}
[36.083942] (realsense2_camera) StdoutLine: {'line': b'-- Found diagnostic_updater: 4.0.6 (/opt/ros/humble/share/diagnostic_updater/cmake)\n'}
[36.133138] (realsense2_camera) StdoutLine: {'line': b'-- Found OpenCV: /usr (found version "4.5.4") found components: core \n'}
[36.135815] (realsense2_camera) StdoutLine: {'line': b'-- Build for ROS2 Humble\n'}
[36.143451] (realsense2_camera) StdoutLine: {'line': b'-- Found ament_cmake_gtest: 1.3.12 (/opt/ros/humble/share/ament_cmake_gtest/cmake)\n'}
[36.147991] (realsense2_camera) StdoutLine: {'line': b"-- Found gtest sources under '/opt/ros/humble/src/gtest_vendor': C++ tests using 'Google Test' will be built\n"}
[36.156823] (realsense2_camera) StdoutLine: {'line': b'-- Found ament_cmake_pytest: 1.3.12 (/opt/ros/humble/share/ament_cmake_pytest/cmake)\n'}
[36.181765] (-) TimerEvent: {}
[36.282095] (-) TimerEvent: {}
[36.382434] (-) TimerEvent: {}
[36.482747] (-) TimerEvent: {}
[36.583042] (-) TimerEvent: {}
[36.683338] (-) TimerEvent: {}
[36.783647] (-) TimerEvent: {}
[36.883974] (-) TimerEvent: {}
[36.984300] (-) TimerEvent: {}
[37.084635] (-) TimerEvent: {}
[37.185038] (-) TimerEvent: {}
[37.285444] (-) TimerEvent: {}
[37.385832] (-) TimerEvent: {}
[37.486159] (-) TimerEvent: {}
[37.586495] (-) TimerEvent: {}
[37.686853] (-) TimerEvent: {}
[37.787189] (-) TimerEvent: {}
[37.887532] (-) TimerEvent: {}
[37.987878] (-) TimerEvent: {}
[38.088227] (-) TimerEvent: {}
[38.188558] (-) TimerEvent: {}
[38.288895] (-) TimerEvent: {}
[38.391045] (-) TimerEvent: {}
[38.491373] (-) TimerEvent: {}
[38.591688] (-) TimerEvent: {}
[38.692022] (-) TimerEvent: {}
[38.792302] (-) TimerEvent: {}
[38.892628] (-) TimerEvent: {}
[38.992951] (-) TimerEvent: {}
[39.093299] (-) TimerEvent: {}
[39.193593] (-) TimerEvent: {}
[39.293936] (-) TimerEvent: {}
[39.394259] (-) TimerEvent: {}
[39.494592] (-) TimerEvent: {}
[39.594920] (-) TimerEvent: {}
[39.695248] (-) TimerEvent: {}
[39.795570] (-) TimerEvent: {}
[39.895908] (-) TimerEvent: {}
[39.996244] (-) TimerEvent: {}
[40.096559] (-) TimerEvent: {}
[40.196889] (-) TimerEvent: {}
[40.297236] (-) TimerEvent: {}
[40.397556] (-) TimerEvent: {}
[40.497865] (-) TimerEvent: {}
[40.598181] (-) TimerEvent: {}
[40.698519] (-) TimerEvent: {}
[40.798842] (-) TimerEvent: {}
[40.899182] (-) TimerEvent: {}
[40.999540] (-) TimerEvent: {}
[41.099888] (-) TimerEvent: {}
[41.200247] (-) TimerEvent: {}
[41.300569] (-) TimerEvent: {}
[41.400899] (-) TimerEvent: {}
[41.501261] (-) TimerEvent: {}
[41.601596] (-) TimerEvent: {}
[41.701945] (-) TimerEvent: {}
[41.802286] (-) TimerEvent: {}
[41.902629] (-) TimerEvent: {}
[42.002962] (-) TimerEvent: {}
[42.103291] (-) TimerEvent: {}
[42.203633] (-) TimerEvent: {}
[42.303983] (-) TimerEvent: {}
[42.404302] (-) TimerEvent: {}
[42.504631] (-) TimerEvent: {}
[42.604958] (-) TimerEvent: {}
[42.705280] (-) TimerEvent: {}
[42.805608] (-) TimerEvent: {}
[42.905973] (-) TimerEvent: {}
[43.006308] (-) TimerEvent: {}
[43.106700] (-) TimerEvent: {}
[43.207043] (-) TimerEvent: {}
[43.307417] (-) TimerEvent: {}
[43.407765] (-) TimerEvent: {}
[43.508098] (-) TimerEvent: {}
[43.608417] (-) TimerEvent: {}
[43.708765] (-) TimerEvent: {}
[43.809102] (-) TimerEvent: {}
[43.909391] (-) TimerEvent: {}
[44.009716] (-) TimerEvent: {}
[44.110065] (-) TimerEvent: {}
[44.210354] (-) TimerEvent: {}
[44.310644] (-) TimerEvent: {}
[44.410975] (-) TimerEvent: {}
[44.511305] (-) TimerEvent: {}
[44.611629] (-) TimerEvent: {}
[44.711944] (-) TimerEvent: {}
[44.812252] (-) TimerEvent: {}
[44.912547] (-) TimerEvent: {}
[45.012892] (-) TimerEvent: {}
[45.113256] (-) TimerEvent: {}
[45.213593] (-) TimerEvent: {}
[45.313950] (-) TimerEvent: {}
[45.414285] (-) TimerEvent: {}
[45.514594] (-) TimerEvent: {}
[45.614930] (-) TimerEvent: {}
[45.715272] (-) TimerEvent: {}
[45.815607] (-) TimerEvent: {}
[45.915945] (-) TimerEvent: {}
[46.016272] (-) TimerEvent: {}
[46.116578] (-) TimerEvent: {}
[46.216888] (-) TimerEvent: {}
[46.317229] (-) TimerEvent: {}
[46.417546] (-) TimerEvent: {}
[46.517884] (-) TimerEvent: {}
[46.618240] (-) TimerEvent: {}
[46.718562] (-) TimerEvent: {}
[46.818895] (-) TimerEvent: {}
[46.919252] (-) TimerEvent: {}
[47.019587] (-) TimerEvent: {}
[47.119923] (-) TimerEvent: {}
[47.220247] (-) TimerEvent: {}
[47.320564] (-) TimerEvent: {}
[47.420900] (-) TimerEvent: {}
[47.521243] (-) TimerEvent: {}
[47.621546] (-) TimerEvent: {}
[47.721875] (-) TimerEvent: {}
[47.822181] (-) TimerEvent: {}
[47.922572] (-) TimerEvent: {}
[48.022939] (-) TimerEvent: {}
[48.123271] (-) TimerEvent: {}
[48.223607] (-) TimerEvent: {}
[48.323931] (-) TimerEvent: {}
[48.424271] (-) TimerEvent: {}
[48.524588] (-) TimerEvent: {}
[48.624922] (-) TimerEvent: {}
[48.725262] (-) TimerEvent: {}
[48.825580] (-) TimerEvent: {}
[48.925893] (-) TimerEvent: {}
[49.026193] (-) TimerEvent: {}
[49.126533] (-) TimerEvent: {}
[49.226887] (-) TimerEvent: {}
[49.327260] (-) TimerEvent: {}
[49.427705] (-) TimerEvent: {}
[49.495299] (realsense2_camera) StdoutLine: {'line': b'-- rs_device_info:\n'}
[49.495866] (realsense2_camera) StdoutLine: {'line': b'-- No device detected. Is it plugged in?\n'}
[49.496181] (realsense2_camera) StdoutLine: {'line': b'\n'}
[49.527945] (-) TimerEvent: {}
[49.628581] (-) TimerEvent: {}
[49.650768] (realsense2_camera) StdoutLine: {'line': b'-- Configuring done\n'}
[49.696186] (realsense2_camera) StdoutLine: {'line': b'-- Generating done\n'}
[49.708391] (realsense2_camera) StdoutLine: {'line': b'-- Build files have been written to: /home/user/robocup_ws/build/realsense2_camera\n'}
[49.726920] (realsense2_camera) CommandEnded: {'returncode': 0}
[49.727782] (realsense2_camera) JobProgress: {'identifier': 'realsense2_camera', 'progress': 'build'}
[49.728838] (realsense2_camera) Command: {'cmd': ['/usr/bin/cmake', '--build', '/home/user/robocup_ws/build/realsense2_camera', '--', '-j4', '-l4'], 'cwd': '/home/user/robocup_ws/build/realsense2_camera', 'env': OrderedDict([('LESSOPEN', '| /usr/bin/lesspipe %s'), ('USER', 'user'), ('LC_TIME', 'ko_KR.UTF-8'), ('XDG_SESSION_TYPE', 'wayland'), ('SHLVL', '1'), ('LD_LIBRARY_PATH', '/home/user/robocup_ws/install/realsense2_camera_msgs/lib:/opt/ros/humble/opt/rviz_ogre_vendor/lib:/opt/ros/humble/lib/x86_64-linux-gnu:/opt/ros/humble/lib:/usr/lib/x86_64-linux-gnu/gazebo-11/plugins:/usr/lib/x86_64-linux-gnu/gazebo-11/plugins:/usr/lib/x86_64-linux-gnu/gazebo-11/plugins'), ('HOME', '/home/user'), ('OLDPWD', '/home/user/robocup_ws/src'), ('DESKTOP_SESSION', 'ubuntu'), ('GAZEBO_MASTER_URI', 'http://localhost:11345'), ('ROS_PYTHON_VERSION', '3'), ('GNOME_SHELL_SESSION_MODE', 'ubuntu'), ('GTK_MODULES', 'gail:atk-bridge'), ('LC_MONETARY', 'ko_KR.UTF-8'), ('MANAGERPID', '914'), ('SYSTEMD_EXEC_PID', '1382'), ('DBUS_SESSION_BUS_ADDRESS', 'unix:path=/run/user/1000/bus'), ('COLORTERM', 'truecolor'), ('TERMINATOR_DBUS_NAME', 'net.tenshu.Terminator25ef4b219e3b005583550f2b0f9f990c3'), ('GIO_LAUNCHED_DESKTOP_FILE_PID', '50397'), ('IM_CONFIG_PHASE', '1'), ('WAYLAND_DISPLAY', 'wayland-0'), ('ROS_DISTRO', 'humble'), ('LOGNAME', 'user'), ('JOURNAL_STREAM', '8:12562'), ('_', '/usr/bin/colcon'), ('ROS_VERSION', '2'), ('XDG_SESSION_CLASS', 'user'), ('USERNAME', 'user'), ('TERM', 'xterm-256color'), ('GAZEBO_MODEL_PATH', '/usr/share/gazebo-11/models:/usr/share/gazebo-11/models:'), ('GNOME_DESKTOP_SESSION_ID', 'this-is-deprecated'), ('ROS_LOCALHOST_ONLY', '0'), ('OGRE_RESOURCE_PATH', '/usr/lib/x86_64-linux-gnu/OGRE-1.9.0'), ('PATH', '/opt/ros/humble/bin:/home/user/.local/bin:/usr/local/sbin:/usr/local/bin:/usr/sbin:/usr/bin:/sbin:/bin:/usr/games:/usr/local/games:/snap/bin:/snap/bin'), ('SESSION_MANAGER', 'local/user-15Z970-GA3HK:@/tmp/.ICE-unix/1044,unix/user-15Z970-GA3HK:/tmp/.ICE-unix/1044'), ('INVOCATION_ID', 'f2801b7b6e2f4da9938183836f083396'), ('XDG_MENU_PREFIX', 'gnome-'), ('LC_ADDRESS', 'ko_KR.UTF-8'), ('GNOME_SETUP_DISPLAY', ':1'), ('XDG_RUNTIME_DIR', '/run/user/1000'), ('DISPLAY', ':0'), ('TERMINATOR_DBUS_PATH', '/net/tenshu/Terminator2'), ('LANG', 'en_US.UTF-8'), ('XDG_CURRENT_DESKTOP', 'ubuntu:GNOME'), ('IBUS_DISABLE_SNOOPER', '1'), ('LC_TELEPHONE', 'ko_KR.UTF-8'), ('XMODIFIERS', '@im=ibus'), ('XDG_SESSION_DESKTOP', 'ubuntu'), ('XAUTHORITY', '/run/user/1000/.mutter-Xwaylandauth.5U12J3'), ('LS_COLORS', 'rs=0:di=01;34:ln=01;36:mh=00:pi=40;33:so=01;35:do=01;35:bd=40;33;01:cd=40;33;01:or=40;31;01:mi=00:su=37;41:sg=30;43:ca=30;41:tw=30;42:ow=34;42:st=37;44:ex=01;32:*.tar=01;31:*.tgz=01;31:*.arc=01;31:*.arj=01;31:*.taz=01;31:*.lha=01;31:*.lz4=01;31:*.lzh=01;31:*.lzma=01;31:*.tlz=01;31:*.txz=01;31:*.tzo=01;31:*.t7z=01;31:*.zip=01;31:*.z=01;31:*.dz=01;31:*.gz=01;31:*.lrz=01;31:*.lz=01;31:*.lzo=01;31:*.xz=01;31:*.zst=01;31:*.tzst=01;31:*.bz2=01;31:*.bz=01;31:*.tbz=01;31:*.tbz2=01;31:*.tz=01;31:*.deb=01;31:*.rpm=01;31:*.jar=01;31:*.war=01;31:*.ear=01;31:*.sar=01;31:*.rar=01;31:*.alz=01;31:*.ace=01;31:*.zoo=01;31:*.cpio=01;31:*.7z=01;31:*.rz=01;31:*.cab=01;31:*.wim=01;31:*.swm=01;31:*.dwm=01;31:*.esd=01;31:*.jpg=01;35:*.jpeg=01;35:*.mjpg=01;35:*.mjpeg=01;35:*.gif=01;35:*.bmp=01;35:*.pbm=01;35:*.pgm=01;35:*.ppm=01;35:*.tga=01;35:*.xbm=01;35:*.xpm=01;35:*.tif=01;35:*.tiff=01;35:*.png=01;35:*.svg=01;35:*.svgz=01;35:*.mng=01;35:*.pcx=01;35:*.mov=01;35:*.mpg=01;35:*.mpeg=01;35:*.m2v=01;35:*.mkv=01;35:*.webm=01;35:*.webp=01;35:*.ogm=01;35:*.mp4=01;35:*.m4v=01;35:*.mp4v=01;35:*.vob=01;35:*.qt=01;35:*.nuv=01;35:*.wmv=01;35:*.asf=01;35:*.rm=01;35:*.rmvb=01;35:*.flc=01;35:*.avi=01;35:*.fli=01;35:*.flv=01;35:*.gl=01;35:*.dl=01;35:*.xcf=01;35:*.xwd=01;35:*.yuv=01;35:*.cgm=01;35:*.emf=01;35:*.ogv=01;35:*.ogx=01;35:*.aac=00;36:*.au=00;36:*.flac=00;36:*.m4a=00;36:*.mid=00;36:*.midi=00;36:*.mka=00;36:*.mp3=00;36:*.mpc=00;36:*.ogg=00;36:*.ra=00;36:*.wav=00;36:*.oga=00;36:*.opus=00;36:*.spx=00;36:*.xspf=00;36:'), ('SSH_AGENT_LAUNCHER', 'gnome-keyring'), ('SSH_AUTH_SOCK', '/run/user/1000/keyring/ssh'), ('ROS_DOMAIN_ID', '35'), ('AMENT_PREFIX_PATH', '/home/user/robocup_ws/install/realsense2_camera_msgs:/opt/ros/humble'), ('SHELL', '/bin/bash'), ('LC_NAME', 'ko_KR.UTF-8'), ('TERMINATOR_UUID', 'urn:uuid:87b7c693-7af3-489e-af03-8fb9beab4f2f'), ('QT_ACCESSIBILITY', '1'), ('GDMSESSION', 'ubuntu'), ('LESSCLOSE', '/usr/bin/lesspipe %s %s'), ('LC_MEASUREMENT', 'ko_KR.UTF-8'), ('GAZEBO_RESOURCE_PATH', '/usr/share/gazebo-11:/usr/share/gazebo-11:'), ('LC_IDENTIFICATION', 'ko_KR.UTF-8'), ('GAZEBO_MODEL_DATABASE_URI', 'http://models.gazebosim.org'), ('QT_IM_MODULE', 'ibus'), ('PWD', '/home/user/robocup_ws/build/realsense2_camera'), ('LC_ALL', 'en_US.UTF-8'), ('XDG_CONFIG_DIRS', '/etc/xdg/xdg-ubuntu:/etc/xdg'), ('GAZEBO_PLUGIN_PATH', '/usr/lib/x86_64-linux-gnu/gazebo-11/plugins:/usr/lib/x86_64-linux-gnu/gazebo-11/plugins:'), ('XDG_DATA_DIRS', '/usr/share/ubuntu:/usr/local/share/:/usr/share/:/var/lib/snapd/desktop'), ('PYTHONPATH', '/home/user/robocup_ws/install/realsense2_camera_msgs/local/lib/python3.10/dist-packages:/opt/ros/humble/lib/python3.10/site-packages:/opt/ros/humble/local/lib/python3.10/dist-packages'), ('LC_NUMERIC', 'ko_KR.UTF-8'), ('LC_PAPER', 'ko_KR.UTF-8'), ('COLCON', '1'), ('VTE_VERSION', '6800'), ('CMAKE_PREFIX_PATH', '/home/user/robocup_ws/install/realsense2_camera_msgs:/opt/ros/humble')]), 'shell': False}
[49.730518] (-) TimerEvent: {}
[49.819373] (realsense2_camera) StdoutLine: {'line': b'[ 12%] \x1b[32mBuilding CXX object gtest/CMakeFiles/gtest.dir/src/gtest-all.cc.o\x1b[0m\n'}
[49.819680] (realsense2_camera) StdoutLine: {'line': b'[ 12%] \x1b[32mBuilding CXX object gtest/CMakeFiles/gtest_main.dir/src/gtest_main.cc.o\x1b[0m\n'}
[49.819880] (realsense2_camera) StdoutLine: {'line': b'[ 12%] \x1b[32mBuilding CXX object CMakeFiles/realsense2_camera_node.dir/rclcpp_components/node_main_realsense2_camera_node.cpp.o\x1b[0m\n'}
[49.822820] (realsense2_camera) StdoutLine: {'line': b'[ 16%] \x1b[32mBuilding CXX object CMakeFiles/realsense2_camera.dir/src/realsense_node_factory.cpp.o\x1b[0m\n'}
[49.830645] (-) TimerEvent: {}
[49.931185] (-) TimerEvent: {}
[50.034513] (-) TimerEvent: {}
[50.135025] (-) TimerEvent: {}
[50.235421] (-) TimerEvent: {}
[50.335803] (-) TimerEvent: {}
[50.436232] (-) TimerEvent: {}
[50.536627] (-) TimerEvent: {}
[50.637034] (-) TimerEvent: {}
[50.740283] (-) TimerEvent: {}
[50.840694] (-) TimerEvent: {}
[50.941087] (-) TimerEvent: {}
[51.041495] (-) TimerEvent: {}
[51.141899] (-) TimerEvent: {}
[51.242284] (-) TimerEvent: {}
[51.342689] (-) TimerEvent: {}
[51.443113] (-) TimerEvent: {}
[51.448168] (realsense2_camera) StdoutLine: {'line': b'[ 20%] \x1b[32m\x1b[1mLinking CXX static library libgtest_main.a\x1b[0m\n'}
[51.523480] (realsense2_camera) StdoutLine: {'line': b'[ 20%] Built target gtest_main\n'}
[51.542511] (realsense2_camera) StdoutLine: {'line': b'[ 24%] \x1b[32mBuilding CXX object CMakeFiles/realsense2_camera.dir/src/base_realsense_node.cpp.o\x1b[0m\n'}
[51.544267] (-) TimerEvent: {}
[51.644847] (-) TimerEvent: {}
[51.745474] (-) TimerEvent: {}
[51.848567] (-) TimerEvent: {}
[51.949164] (-) TimerEvent: {}
[52.049797] (-) TimerEvent: {}
[52.150441] (-) TimerEvent: {}
[52.251057] (-) TimerEvent: {}
[52.351510] (-) TimerEvent: {}
[52.452395] (-) TimerEvent: {}
[52.552805] (-) TimerEvent: {}
[52.654280] (-) TimerEvent: {}
[52.754684] (-) TimerEvent: {}
[52.855065] (-) TimerEvent: {}
[52.957278] (-) TimerEvent: {}
[53.057656] (-) TimerEvent: {}
[53.158043] (-) TimerEvent: {}
[53.258446] (-) TimerEvent: {}
[53.358860] (-) TimerEvent: {}
[53.460277] (-) TimerEvent: {}
[53.560680] (-) TimerEvent: {}
[53.661082] (-) TimerEvent: {}
[53.764280] (-) TimerEvent: {}
[53.864727] (-) TimerEvent: {}
[53.965248] (-) TimerEvent: {}
[54.065673] (-) TimerEvent: {}
[54.166095] (-) TimerEvent: {}
[54.266924] (-) TimerEvent: {}
[54.367399] (-) TimerEvent: {}
[54.468398] (-) TimerEvent: {}
[54.568807] (-) TimerEvent: {}
[54.670462] (-) TimerEvent: {}
[54.770894] (-) TimerEvent: {}
[54.871292] (-) TimerEvent: {}
[54.972450] (-) TimerEvent: {}
[55.072853] (-) TimerEvent: {}
[55.175281] (-) TimerEvent: {}
[55.275670] (-) TimerEvent: {}
[55.376295] (-) TimerEvent: {}
[55.477260] (-) TimerEvent: {}
[55.578231] (-) TimerEvent: {}
[55.681289] (-) TimerEvent: {}
[55.781868] (-) TimerEvent: {}
[55.882436] (-) TimerEvent: {}
[55.982974] (-) TimerEvent: {}
[56.083512] (-) TimerEvent: {}
[56.186533] (-) TimerEvent: {}
[56.287066] (-) TimerEvent: {}
[56.387603] (-) TimerEvent: {}
[56.488146] (-) TimerEvent: {}
[56.588681] (-) TimerEvent: {}
[56.689215] (-) TimerEvent: {}
[56.789767] (-) TimerEvent: {}
[56.890695] (-) TimerEvent: {}
[56.993553] (-) TimerEvent: {}
[57.094116] (-) TimerEvent: {}
[57.194675] (-) TimerEvent: {}
[57.295234] (-) TimerEvent: {}
[57.395807] (-) TimerEvent: {}
[57.496378] (-) TimerEvent: {}
[57.597525] (-) TimerEvent: {}
[57.699552] (-) TimerEvent: {}
[57.800106] (-) TimerEvent: {}
[57.900674] (-) TimerEvent: {}
[58.001074] (-) TimerEvent: {}
[58.104547] (-) TimerEvent: {}
[58.205973] (-) TimerEvent: {}
[58.306557] (-) TimerEvent: {}
[58.407211] (-) TimerEvent: {}
[58.507588] (-) TimerEvent: {}
[58.608129] (-) TimerEvent: {}
[58.708692] (-) TimerEvent: {}
[58.809275] (-) TimerEvent: {}
[58.851756] (realsense2_camera) StdoutLine: {'line': b'[ 28%] \x1b[32m\x1b[1mLinking CXX executable realsense2_camera_node\x1b[0m\n'}
[58.909395] (-) TimerEvent: {}
[59.009970] (-) TimerEvent: {}
[59.110526] (-) TimerEvent: {}
[59.190381] (realsense2_camera) StdoutLine: {'line': b'[ 28%] Built target realsense2_camera_node\n'}
[59.209628] (realsense2_camera) StdoutLine: {'line': b'[ 32%] \x1b[32mBuilding CXX object CMakeFiles/realsense2_camera.dir/src/parameters.cpp.o\x1b[0m\n'}
[59.211349] (-) TimerEvent: {}
[59.314581] (-) TimerEvent: {}
[59.414991] (-) TimerEvent: {}
[59.517551] (-) TimerEvent: {}
[59.618011] (-) TimerEvent: {}
[59.718387] (-) TimerEvent: {}
[59.818764] (-) TimerEvent: {}
[59.919665] (-) TimerEvent: {}
[60.023271] (-) TimerEvent: {}
[60.123644] (-) TimerEvent: {}
[60.224019] (-) TimerEvent: {}
[60.324497] (-) TimerEvent: {}
[60.424865] (-) TimerEvent: {}
[60.525245] (-) TimerEvent: {}
[60.625823] (-) TimerEvent: {}
[60.726376] (-) TimerEvent: {}
[60.826913] (-) TimerEvent: {}
[60.927421] (-) TimerEvent: {}
[61.028515] (-) TimerEvent: {}
[61.130536] (-) TimerEvent: {}
[61.231109] (-) TimerEvent: {}
[61.331651] (-) TimerEvent: {}
[61.432216] (-) TimerEvent: {}
[61.535554] (-) TimerEvent: {}
[61.636096] (-) TimerEvent: {}
[61.736667] (-) TimerEvent: {}
[61.837251] (-) TimerEvent: {}
[61.937812] (-) TimerEvent: {}
[62.038375] (-) TimerEvent: {}
[62.138902] (-) TimerEvent: {}
[62.241527] (-) TimerEvent: {}
[62.342043] (-) TimerEvent: {}
[62.442623] (-) TimerEvent: {}
[62.543168] (-) TimerEvent: {}
[62.643731] (-) TimerEvent: {}
[62.744282] (-) TimerEvent: {}
[62.847538] (-) TimerEvent: {}
[62.948031] (-) TimerEvent: {}
[63.048618] (-) TimerEvent: {}
[63.149022] (-) TimerEvent: {}
[63.249441] (-) TimerEvent: {}
[63.349831] (-) TimerEvent: {}
[63.450242] (-) TimerEvent: {}
[63.553732] (-) TimerEvent: {}
[63.654118] (-) TimerEvent: {}
[63.754537] (-) TimerEvent: {}
[63.854946] (-) TimerEvent: {}
[63.955349] (-) TimerEvent: {}
[64.055754] (-) TimerEvent: {}
[64.156171] (-) TimerEvent: {}
[64.256864] (-) TimerEvent: {}
[64.360458] (-) TimerEvent: {}
[64.460977] (-) TimerEvent: {}
[64.561538] (-) TimerEvent: {}
[64.662084] (-) TimerEvent: {}
[64.762651] (-) TimerEvent: {}
[64.863215] (-) TimerEvent: {}
[64.963773] (-) TimerEvent: {}
[65.064284] (-) TimerEvent: {}
[65.164842] (-) TimerEvent: {}
[65.268547] (-) TimerEvent: {}
[65.368971] (-) TimerEvent: {}
[65.469506] (-) TimerEvent: {}
[65.570030] (-) TimerEvent: {}
[65.670518] (-) TimerEvent: {}
[65.771078] (-) TimerEvent: {}
[65.871481] (-) TimerEvent: {}
[65.972002] (-) TimerEvent: {}
[66.073405] (-) TimerEvent: {}
[66.176284] (-) TimerEvent: {}
[66.278651] (-) TimerEvent: {}
[66.379180] (-) TimerEvent: {}
[66.479716] (-) TimerEvent: {}
[66.580097] (-) TimerEvent: {}
[66.680654] (-) TimerEvent: {}
[66.783650] (-) TimerEvent: {}
[66.884170] (-) TimerEvent: {}
[66.984733] (-) TimerEvent: {}
[67.087437] (-) TimerEvent: {}
[67.189385] (-) TimerEvent: {}
[67.292282] (-) TimerEvent: {}
[67.392670] (-) TimerEvent: {}
[67.493088] (-) TimerEvent: {}
[67.593510] (-) TimerEvent: {}
[67.693916] (-) TimerEvent: {}
[67.794344] (-) TimerEvent: {}
[67.894762] (-) TimerEvent: {}
[67.995165] (-) TimerEvent: {}
[68.097463] (-) TimerEvent: {}
[68.197880] (-) TimerEvent: {}
[68.298425] (-) TimerEvent: {}
[68.398969] (-) TimerEvent: {}
[68.479837] (realsense2_camera) StdoutLine: {'line': b'[ 36%] \x1b[32m\x1b[1mLinking CXX static library libgtest.a\x1b[0m\n'}
[68.499093] (-) TimerEvent: {}
[68.576296] (realsense2_camera) StdoutLine: {'line': b'[ 36%] Built target gtest\n'}
[68.596880] (realsense2_camera) StdoutLine: {'line': b'[ 40%] \x1b[32mBuilding CXX object CMakeFiles/realsense2_camera.dir/src/rs_node_setup.cpp.o\x1b[0m\n'}
[68.599242] (-) TimerEvent: {}
[68.702570] (-) TimerEvent: {}
[68.803160] (-) TimerEvent: {}
[68.903680] (-) TimerEvent: {}
[69.004240] (-) TimerEvent: {}
[69.105281] (-) TimerEvent: {}
[69.205818] (-) TimerEvent: {}
[69.307389] (-) TimerEvent: {}
[69.407840] (-) TimerEvent: {}
[69.508388] (-) TimerEvent: {}
[69.611443] (-) TimerEvent: {}
[69.711862] (-) TimerEvent: {}
[69.812290] (-) TimerEvent: {}
[69.912692] (-) TimerEvent: {}
[70.013236] (-) TimerEvent: {}
[70.113788] (-) TimerEvent: {}
[70.214288] (-) TimerEvent: {}
[70.316545] (-) TimerEvent: {}
[70.417117] (-) TimerEvent: {}
[70.517678] (-) TimerEvent: {}
[70.618252] (-) TimerEvent: {}
[70.718819] (-) TimerEvent: {}
[70.822555] (-) TimerEvent: {}
[70.923121] (-) TimerEvent: {}
[71.023706] (-) TimerEvent: {}
[71.124279] (-) TimerEvent: {}
[71.224828] (-) TimerEvent: {}
[71.325403] (-) TimerEvent: {}
[71.425952] (-) TimerEvent: {}
[71.526520] (-) TimerEvent: {}
[71.627524] (-) TimerEvent: {}
[71.729548] (-) TimerEvent: {}
[71.830089] (-) TimerEvent: {}
[71.930688] (-) TimerEvent: {}
[72.031276] (-) TimerEvent: {}
[72.134544] (-) TimerEvent: {}
[72.235129] (-) TimerEvent: {}
[72.336302] (-) TimerEvent: {}
[72.437536] (-) TimerEvent: {}
[72.538025] (-) TimerEvent: {}
[72.638628] (-) TimerEvent: {}
[72.739218] (-) TimerEvent: {}
[72.841549] (-) TimerEvent: {}
[72.942108] (-) TimerEvent: {}
[73.042668] (-) TimerEvent: {}
[73.143245] (-) TimerEvent: {}
[73.245410] (-) TimerEvent: {}
[73.345998] (-) TimerEvent: {}
[73.446587] (-) TimerEvent: {}
[73.547414] (-) TimerEvent: {}
[73.647973] (-) TimerEvent: {}
[73.751543] (-) TimerEvent: {}
[73.852080] (-) TimerEvent: {}
[73.952662] (-) TimerEvent: {}
[74.053041] (-) TimerEvent: {}
[74.153592] (-) TimerEvent: {}
[74.254152] (-) TimerEvent: {}
[74.354702] (-) TimerEvent: {}
[74.455267] (-) TimerEvent: {}
[74.556536] (-) TimerEvent: {}
[74.659411] (-) TimerEvent: {}
[74.759967] (-) TimerEvent: {}
[74.860531] (-) TimerEvent: {}
[74.961088] (-) TimerEvent: {}
[75.061666] (-) TimerEvent: {}
[75.162224] (-) TimerEvent: {}
[75.262602] (-) TimerEvent: {}
[75.365546] (-) TimerEvent: {}
[75.466080] (-) TimerEvent: {}
[75.566609] (-) TimerEvent: {}
[75.667115] (-) TimerEvent: {}
[75.767793] (-) TimerEvent: {}
[75.868282] (-) TimerEvent: {}
[75.971281] (-) TimerEvent: {}
[76.010852] (realsense2_camera) StdoutLine: {'line': b'[ 44%] \x1b[32mBuilding CXX object CMakeFiles/realsense2_camera.dir/src/ros_sensor.cpp.o\x1b[0m\n'}
[76.071413] (-) TimerEvent: {}
[76.171859] (-) TimerEvent: {}
[76.272277] (-) TimerEvent: {}
[76.375291] (-) TimerEvent: {}
[76.475939] (-) TimerEvent: {}
[76.576509] (-) TimerEvent: {}
[76.676910] (-) TimerEvent: {}
[76.777281] (-) TimerEvent: {}
[76.877824] (-) TimerEvent: {}
[76.978362] (-) TimerEvent: {}
[77.081285] (-) TimerEvent: {}
[77.182348] (-) TimerEvent: {}
[77.282926] (-) TimerEvent: {}
[77.287059] (realsense2_camera) StdoutLine: {'line': b'[ 48%] \x1b[32mBuilding CXX object CMakeFiles/gtest_template.dir/test/gtest_template.cpp.o\x1b[0m\n'}
[77.384292] (-) TimerEvent: {}
[77.484703] (-) TimerEvent: {}
[77.586809] (-) TimerEvent: {}
[77.687281] (-) TimerEvent: {}
[77.789540] (-) TimerEvent: {}
[77.889937] (-) TimerEvent: {}
[77.990290] (-) TimerEvent: {}
[78.090746] (-) TimerEvent: {}
[78.191231] (-) TimerEvent: {}
[78.294283] (-) TimerEvent: {}
[78.394683] (-) TimerEvent: {}
[78.495066] (-) TimerEvent: {}
[78.595474] (-) TimerEvent: {}
[78.695866] (-) TimerEvent: {}
[78.796285] (-) TimerEvent: {}
[78.896857] (-) TimerEvent: {}
[78.999406] (-) TimerEvent: {}
[79.099971] (-) TimerEvent: {}
[79.200550] (-) TimerEvent: {}
[79.301093] (-) TimerEvent: {}
[79.347363] (realsense2_camera) StdoutLine: {'line': b'[ 52%] \x1b[32m\x1b[1mLinking CXX executable gtest_template\x1b[0m\n'}
[79.401228] (-) TimerEvent: {}
[79.501787] (-) TimerEvent: {}
[79.575677] (realsense2_camera) StdoutLine: {'line': b'[ 52%] Built target gtest_template\n'}
[79.594828] (realsense2_camera) StdoutLine: {'line': b'[ 56%] \x1b[32mBuilding CXX object CMakeFiles/realsense2_camera.dir/src/ros_utils.cpp.o\x1b[0m\n'}
[79.601908] (-) TimerEvent: {}
[79.702467] (-) TimerEvent: {}
[79.803016] (-) TimerEvent: {}
[79.904515] (-) TimerEvent: {}
[80.005067] (-) TimerEvent: {}
[80.105621] (-) TimerEvent: {}
[80.207521] (-) TimerEvent: {}
[80.308071] (-) TimerEvent: {}
[80.408638] (-) TimerEvent: {}
[80.512544] (-) TimerEvent: {}
[80.613079] (-) TimerEvent: {}
[80.713627] (-) TimerEvent: {}
[80.814188] (-) TimerEvent: {}
[80.914742] (-) TimerEvent: {}
[81.015289] (-) TimerEvent: {}
[81.115839] (-) TimerEvent: {}
[81.216400] (-) TimerEvent: {}
[81.316960] (-) TimerEvent: {}
[81.420557] (-) TimerEvent: {}
[81.521115] (-) TimerEvent: {}
[81.621674] (-) TimerEvent: {}
[81.722256] (-) TimerEvent: {}
[81.822644] (-) TimerEvent: {}
[81.923239] (-) TimerEvent: {}
[82.023811] (-) TimerEvent: {}
[82.124226] (-) TimerEvent: {}
[82.226553] (-) TimerEvent: {}
[82.327115] (-) TimerEvent: {}
[82.427511] (-) TimerEvent: {}
[82.528068] (-) TimerEvent: {}
[82.628651] (-) TimerEvent: {}
[82.732546] (-) TimerEvent: {}
[82.833111] (-) TimerEvent: {}
[82.933688] (-) TimerEvent: {}
[83.034274] (-) TimerEvent: {}
[83.134734] (-) TimerEvent: {}
[83.235296] (-) TimerEvent: {}
[83.335710] (-) TimerEvent: {}
[83.436130] (-) TimerEvent: {}
[83.536564] (-) TimerEvent: {}
[83.644283] (-) TimerEvent: {}
[83.746280] (-) TimerEvent: {}
[83.846686] (-) TimerEvent: {}
[83.947069] (-) TimerEvent: {}
[84.048705] (-) TimerEvent: {}
[84.149267] (-) TimerEvent: {}
[84.250450] (-) TimerEvent: {}
[84.350861] (-) TimerEvent: {}
[84.453959] (-) TimerEvent: {}
[84.554379] (-) TimerEvent: {}
[84.654796] (-) TimerEvent: {}
[84.755221] (-) TimerEvent: {}
[84.855627] (-) TimerEvent: {}
[84.956037] (-) TimerEvent: {}
[85.056457] (-) TimerEvent: {}
[85.158420] (-) TimerEvent: {}
[85.258833] (-) TimerEvent: {}
[85.359264] (-) TimerEvent: {}
[85.459691] (-) TimerEvent: {}
[85.560124] (-) TimerEvent: {}
[85.661799] (-) TimerEvent: {}
[85.762228] (-) TimerEvent: {}
[85.864473] (-) TimerEvent: {}
[85.964869] (-) TimerEvent: {}
[86.065268] (-) TimerEvent: {}
[86.165662] (-) TimerEvent: {}
[86.266056] (-) TimerEvent: {}
[86.369281] (-) TimerEvent: {}
[86.469676] (-) TimerEvent: {}
[86.570073] (-) TimerEvent: {}
[86.670482] (-) TimerEvent: {}
[86.770876] (-) TimerEvent: {}
[86.871282] (-) TimerEvent: {}
[86.971681] (-) TimerEvent: {}
[87.072071] (-) TimerEvent: {}
[87.174278] (-) TimerEvent: {}
[87.274685] (-) TimerEvent: {}
[87.375079] (-) TimerEvent: {}
[87.475485] (-) TimerEvent: {}
[87.575866] (-) TimerEvent: {}
[87.679281] (-) TimerEvent: {}
[87.779669] (-) TimerEvent: {}
[87.880076] (-) TimerEvent: {}
[87.980469] (-) TimerEvent: {}
[88.080860] (-) TimerEvent: {}
[88.095875] (realsense2_camera) StdoutLine: {'line': b'[ 60%] \x1b[32mBuilding CXX object CMakeFiles/realsense2_camera.dir/src/dynamic_params.cpp.o\x1b[0m\n'}
[88.181000] (-) TimerEvent: {}
[88.281589] (-) TimerEvent: {}
[88.382183] (-) TimerEvent: {}
[88.484276] (-) TimerEvent: {}
[88.589270] (-) TimerEvent: {}
[88.689782] (-) TimerEvent: {}
[88.762332] (realsense2_camera) StdoutLine: {'line': b'[ 64%] \x1b[32mBuilding CXX object CMakeFiles/realsense2_camera.dir/src/sensor_params.cpp.o\x1b[0m\n'}
[88.789912] (-) TimerEvent: {}
[88.890503] (-) TimerEvent: {}
[88.990889] (-) TimerEvent: {}
[89.093404] (-) TimerEvent: {}
[89.193807] (-) TimerEvent: {}
[89.294218] (-) TimerEvent: {}
[89.394612] (-) TimerEvent: {}
[89.495058] (-) TimerEvent: {}
[89.597411] (-) TimerEvent: {}
[89.697821] (-) TimerEvent: {}
[89.798263] (-) TimerEvent: {}
[89.898696] (-) TimerEvent: {}
[89.999114] (-) TimerEvent: {}
[90.102279] (-) TimerEvent: {}
[90.202676] (-) TimerEvent: {}
[90.303064] (-) TimerEvent: {}
[90.403463] (-) TimerEvent: {}
[90.503851] (-) TimerEvent: {}
[90.604250] (-) TimerEvent: {}
[90.704663] (-) TimerEvent: {}
[90.805054] (-) TimerEvent: {}
[90.906278] (-) TimerEvent: {}
[91.006673] (-) TimerEvent: {}
[91.107070] (-) TimerEvent: {}
[91.209284] (-) TimerEvent: {}
[91.309681] (-) TimerEvent: {}
[91.410063] (-) TimerEvent: {}
[91.510466] (-) TimerEvent: {}
[91.610846] (-) TimerEvent: {}
[91.712285] (-) TimerEvent: {}
[91.812693] (-) TimerEvent: {}
[91.913082] (-) TimerEvent: {}
[92.015281] (-) TimerEvent: {}
[92.115712] (-) TimerEvent: {}
[92.216102] (-) TimerEvent: {}
[92.316503] (-) TimerEvent: {}
[92.416898] (-) TimerEvent: {}
[92.518280] (-) TimerEvent: {}
[92.618679] (-) TimerEvent: {}
[92.719067] (-) TimerEvent: {}
[92.820278] (-) TimerEvent: {}
[92.920665] (-) TimerEvent: {}
[93.024281] (-) TimerEvent: {}
[93.124710] (-) TimerEvent: {}
[93.225125] (-) TimerEvent: {}
[93.325558] (-) TimerEvent: {}
[93.425969] (-) TimerEvent: {}
[93.528303] (-) TimerEvent: {}
[93.628734] (-) TimerEvent: {}
[93.731549] (-) TimerEvent: {}
[93.831930] (-) TimerEvent: {}
[93.932285] (-) TimerEvent: {}
[94.032674] (-) TimerEvent: {}
[94.133052] (-) TimerEvent: {}
[94.233453] (-) TimerEvent: {}
[94.335285] (-) TimerEvent: {}
[94.435679] (-) TimerEvent: {}
[94.536073] (-) TimerEvent: {}
[94.584838] (realsense2_camera) StdoutLine: {'line': b'[ 68%] \x1b[32mBuilding CXX object CMakeFiles/realsense2_camera.dir/src/named_filter.cpp.o\x1b[0m\n'}
[94.637273] (-) TimerEvent: {}
[94.737753] (-) TimerEvent: {}
[94.839536] (-) TimerEvent: {}
[94.940056] (-) TimerEvent: {}
[95.040482] (-) TimerEvent: {}
[95.141406] (-) TimerEvent: {}
[95.241853] (-) TimerEvent: {}
[95.344465] (-) TimerEvent: {}
[95.444884] (-) TimerEvent: {}
[95.545284] (-) TimerEvent: {}
[95.645680] (-) TimerEvent: {}
[95.746158] (-) TimerEvent: {}
[95.849281] (-) TimerEvent: {}
[95.949661] (-) TimerEvent: {}
[96.051139] (-) TimerEvent: {}
[96.151715] (-) TimerEvent: {}
[96.252827] (-) TimerEvent: {}
[96.353347] (-) TimerEvent: {}
[96.453786] (-) TimerEvent: {}
[96.554214] (-) TimerEvent: {}
[96.657461] (-) TimerEvent: {}
[96.757871] (-) TimerEvent: {}
[96.858288] (-) TimerEvent: {}
[96.958714] (-) TimerEvent: {}
[97.059132] (-) TimerEvent: {}
[97.159557] (-) TimerEvent: {}
[97.259985] (-) TimerEvent: {}
[97.363469] (-) TimerEvent: {}
[97.463887] (-) TimerEvent: {}
[97.564347] (-) TimerEvent: {}
[97.664774] (-) TimerEvent: {}
[97.765224] (-) TimerEvent: {}
[97.865643] (-) TimerEvent: {}
[97.966066] (-) TimerEvent: {}
[98.066500] (-) TimerEvent: {}
[98.168058] (-) TimerEvent: {}
[98.268484] (-) TimerEvent: {}
[98.370894] (-) TimerEvent: {}
[98.471281] (-) TimerEvent: {}
[98.571691] (-) TimerEvent: {}
[98.672124] (-) TimerEvent: {}
[98.773468] (-) TimerEvent: {}
[98.873887] (-) TimerEvent: {}
[98.975472] (-) TimerEvent: {}
[99.075904] (-) TimerEvent: {}
[99.176288] (-) TimerEvent: {}
[99.279468] (-) TimerEvent: {}
[99.382311] (-) TimerEvent: {}
[99.482995] (-) TimerEvent: {}
[99.583486] (-) TimerEvent: {}
[99.683895] (-) TimerEvent: {}
[99.784291] (-) TimerEvent: {}
[99.884971] (-) TimerEvent: {}
[99.985698] (-) TimerEvent: {}
[100.087404] (-) TimerEvent: {}
[100.187816] (-) TimerEvent: {}
[100.290468] (-) TimerEvent: {}
[100.390869] (-) TimerEvent: {}
[100.491290] (-) TimerEvent: {}
[100.591690] (-) TimerEvent: {}
[100.696274] (-) TimerEvent: {}
[100.796740] (-) TimerEvent: {}
[100.899467] (-) TimerEvent: {}
[101.002285] (-) TimerEvent: {}
[101.106300] (-) TimerEvent: {}
[101.206694] (-) TimerEvent: {}
[101.308559] (-) TimerEvent: {}
[101.408982] (-) TimerEvent: {}
[101.509421] (-) TimerEvent: {}
[101.609851] (-) TimerEvent: {}
[101.710331] (-) TimerEvent: {}
[101.813284] (-) TimerEvent: {}
[101.914278] (-) TimerEvent: {}
[102.018287] (-) TimerEvent: {}
[102.118727] (-) TimerEvent: {}
[102.219121] (-) TimerEvent: {}
[102.319687] (-) TimerEvent: {}
[102.321342] (realsense2_camera) StdoutLine: {'line': b'[ 72%] \x1b[32mBuilding CXX object CMakeFiles/realsense2_camera.dir/src/pointcloud_filter.cpp.o\x1b[0m\n'}
[102.419808] (-) TimerEvent: {}
[102.520366] (-) TimerEvent: {}
[102.623572] (-) TimerEvent: {}
[102.724106] (-) TimerEvent: {}
[102.824660] (-) TimerEvent: {}
[102.927539] (-) TimerEvent: {}
[103.030274] (-) TimerEvent: {}
[103.130837] (-) TimerEvent: {}
[103.231381] (-) TimerEvent: {}
[103.331917] (-) TimerEvent: {}
[103.437281] (-) TimerEvent: {}
[103.540540] (-) TimerEvent: {}
[103.645282] (-) TimerEvent: {}
[103.747298] (-) TimerEvent: {}
[103.847686] (-) TimerEvent: {}
[103.948076] (-) TimerEvent: {}
[104.051274] (-) TimerEvent: {}
[104.080741] (realsense2_camera) StdoutLine: {'line': b'[ 76%] \x1b[32mBuilding CXX object CMakeFiles/realsense2_camera.dir/src/align_depth_filter.cpp.o\x1b[0m\n'}
[104.151395] (-) TimerEvent: {}
[104.251777] (-) TimerEvent: {}
[104.352219] (-) TimerEvent: {}
[104.452647] (-) TimerEvent: {}
[104.553930] (-) TimerEvent: {}
[104.654371] (-) TimerEvent: {}
[104.755527] (-) TimerEvent: {}
[104.858919] (-) TimerEvent: {}
[104.962272] (-) TimerEvent: {}
[105.062715] (-) TimerEvent: {}
[105.163843] (-) TimerEvent: {}
[105.264408] (-) TimerEvent: {}
[105.364997] (-) TimerEvent: {}
[105.465558] (-) TimerEvent: {}
[105.566143] (-) TimerEvent: {}
[105.668279] (-) TimerEvent: {}
[105.768689] (-) TimerEvent: {}
[105.872419] (-) TimerEvent: {}
[105.972816] (-) TimerEvent: {}
[106.075283] (-) TimerEvent: {}
[106.178406] (-) TimerEvent: {}
[106.278816] (-) TimerEvent: {}
[106.383292] (-) TimerEvent: {}
[106.489280] (-) TimerEvent: {}
[106.589677] (-) TimerEvent: {}
[106.691282] (-) TimerEvent: {}
[106.791675] (-) TimerEvent: {}
[106.896284] (-) TimerEvent: {}
[106.999283] (-) TimerEvent: {}
[107.100431] (-) TimerEvent: {}
[107.200848] (-) TimerEvent: {}
[107.301285] (-) TimerEvent: {}
[107.401698] (-) TimerEvent: {}
[107.502131] (-) TimerEvent: {}
[107.604711] (-) TimerEvent: {}
[107.712445] (-) TimerEvent: {}
[107.812878] (-) TimerEvent: {}
[107.913290] (-) TimerEvent: {}
[108.013710] (-) TimerEvent: {}
[108.114157] (-) TimerEvent: {}
[108.172358] (realsense2_camera) StdoutLine: {'line': b'[ 80%] \x1b[32mBuilding CXX object CMakeFiles/realsense2_camera.dir/src/profile_manager.cpp.o\x1b[0m\n'}
[108.215273] (-) TimerEvent: {}
[108.315689] (-) TimerEvent: {}
[108.416418] (-) TimerEvent: {}
[108.518397] (-) TimerEvent: {}
[108.618789] (-) TimerEvent: {}
[108.719186] (-) TimerEvent: {}
[108.819600] (-) TimerEvent: {}
[108.921309] (-) TimerEvent: {}
[109.022298] (-) TimerEvent: {}
[109.123929] (-) TimerEvent: {}
[109.227469] (-) TimerEvent: {}
[109.327948] (-) TimerEvent: {}
[109.429643] (-) TimerEvent: {}
[109.530045] (-) TimerEvent: {}
[109.630472] (-) TimerEvent: {}
[109.730896] (-) TimerEvent: {}
[109.831282] (-) TimerEvent: {}
[109.931697] (-) TimerEvent: {}
[110.032288] (-) TimerEvent: {}
[110.133432] (-) TimerEvent: {}
[110.233854] (-) TimerEvent: {}
[110.335280] (-) TimerEvent: {}
[110.435690] (-) TimerEvent: {}
[110.536106] (-) TimerEvent: {}
[110.639559] (-) TimerEvent: {}
[110.740122] (-) TimerEvent: {}
[110.819312] (realsense2_camera) StdoutLine: {'line': b'[ 84%] \x1b[32mBuilding CXX object CMakeFiles/realsense2_camera.dir/src/image_publisher.cpp.o\x1b[0m\n'}
[110.840256] (-) TimerEvent: {}
[110.940807] (-) TimerEvent: {}
[111.041363] (-) TimerEvent: {}
[111.141912] (-) TimerEvent: {}
[111.244553] (-) TimerEvent: {}
[111.345347] (-) TimerEvent: {}
[111.445866] (-) TimerEvent: {}
[111.546254] (-) TimerEvent: {}
[111.646772] (-) TimerEvent: {}
[111.749586] (-) TimerEvent: {}
[111.850129] (-) TimerEvent: {}
[111.950689] (-) TimerEvent: {}
[112.051080] (-) TimerEvent: {}
[112.151648] (-) TimerEvent: {}
[112.252264] (-) TimerEvent: {}
[112.354574] (-) TimerEvent: {}
[112.454951] (-) TimerEvent: {}
[112.555363] (-) TimerEvent: {}
[112.655744] (-) TimerEvent: {}
[112.756123] (-) TimerEvent: {}
[112.857293] (-) TimerEvent: {}
[112.957855] (-) TimerEvent: {}
[113.060538] (-) TimerEvent: {}
[113.161156] (-) TimerEvent: {}
[113.261766] (-) TimerEvent: {}
[113.362360] (-) TimerEvent: {}
[113.465508] (-) TimerEvent: {}
[113.566059] (-) TimerEvent: {}
[113.666597] (-) TimerEvent: {}
[113.767143] (-) TimerEvent: {}
[113.867708] (-) TimerEvent: {}
[113.969584] (-) TimerEvent: {}
[114.071587] (-) TimerEvent: {}
[114.172819] (-) TimerEvent: {}
[114.277275] (-) TimerEvent: {}
[114.377864] (-) TimerEvent: {}
[114.480284] (-) TimerEvent: {}
[114.583985] (-) TimerEvent: {}
[114.685034] (-) TimerEvent: {}
[114.785807] (-) TimerEvent: {}
[114.886565] (-) TimerEvent: {}
[114.990941] (-) TimerEvent: {}
[115.091388] (-) TimerEvent: {}
[115.191966] (-) TimerEvent: {}
[115.292513] (-) TimerEvent: {}
[115.392888] (-) TimerEvent: {}
[115.493414] (-) TimerEvent: {}
[115.594527] (-) TimerEvent: {}
[115.697219] (-) TimerEvent: {}
[115.797766] (-) TimerEvent: {}
[115.898288] (-) TimerEvent: {}
[115.998862] (-) TimerEvent: {}
[116.099472] (-) TimerEvent: {}
[116.202278] (-) TimerEvent: {}
[116.302842] (-) TimerEvent: {}
[116.406279] (-) TimerEvent: {}
[116.508354] (-) TimerEvent: {}
[116.610452] (-) TimerEvent: {}
[116.710855] (-) TimerEvent: {}
[116.811273] (-) TimerEvent: {}
[116.914281] (-) TimerEvent: {}
[117.014681] (-) TimerEvent: {}
[117.115092] (-) TimerEvent: {}
[117.215498] (-) TimerEvent: {}
[117.315918] (-) TimerEvent: {}
[117.349545] (realsense2_camera) StdoutLine: {'line': b'[ 88%] \x1b[32mBuilding CXX object CMakeFiles/realsense2_camera.dir/src/tfs.cpp.o\x1b[0m\n'}
[117.420478] (-) TimerEvent: {}
[117.523285] (-) TimerEvent: {}
[117.624394] (-) TimerEvent: {}
[117.724787] (-) TimerEvent: {}
[117.826434] (-) TimerEvent: {}
[117.926817] (-) TimerEvent: {}
[118.027221] (-) TimerEvent: {}
[118.127606] (-) TimerEvent: {}
[118.230451] (-) TimerEvent: {}
[118.330844] (-) TimerEvent: {}
[118.431269] (-) TimerEvent: {}
[118.531678] (-) TimerEvent: {}
[118.632090] (-) TimerEvent: {}
[118.732492] (-) TimerEvent: {}
[118.832872] (-) TimerEvent: {}
[118.936281] (-) TimerEvent: {}
[119.036675] (-) TimerEvent: {}
[119.137070] (-) TimerEvent: {}
[119.237486] (-) TimerEvent: {}
[119.337878] (-) TimerEvent: {}
[119.438426] (-) TimerEvent: {}
[119.538848] (-) TimerEvent: {}
[119.639246] (-) TimerEvent: {}
[119.739632] (-) TimerEvent: {}
[119.842283] (-) TimerEvent: {}
[119.942681] (-) TimerEvent: {}
[120.043070] (-) TimerEvent: {}
[120.143477] (-) TimerEvent: {}
[120.243868] (-) TimerEvent: {}
[120.344267] (-) TimerEvent: {}
[120.447282] (-) TimerEvent: {}
[120.547677] (-) TimerEvent: {}
[120.648058] (-) TimerEvent: {}
[120.748451] (-) TimerEvent: {}
[120.848831] (-) TimerEvent: {}
[120.949231] (-) TimerEvent: {}
[121.049618] (-) TimerEvent: {}
[121.150021] (-) TimerEvent: {}
[121.252281] (-) TimerEvent: {}
[121.352673] (-) TimerEvent: {}
[121.453065] (-) TimerEvent: {}
[121.553860] (-) TimerEvent: {}
[121.654269] (-) TimerEvent: {}
[121.757282] (-) TimerEvent: {}
[121.857680] (-) TimerEvent: {}
[121.958078] (-) TimerEvent: {}
[122.058480] (-) TimerEvent: {}
[122.158883] (-) TimerEvent: {}
[122.259293] (-) TimerEvent: {}
[122.359701] (-) TimerEvent: {}
[122.463276] (-) TimerEvent: {}
[122.563657] (-) TimerEvent: {}
[122.664048] (-) TimerEvent: {}
[122.764435] (-) TimerEvent: {}
[122.864818] (-) TimerEvent: {}
[122.965211] (-) TimerEvent: {}
[123.065586] (-) TimerEvent: {}
[123.165968] (-) TimerEvent: {}
[123.266612] (-) TimerEvent: {}
[123.367008] (-) TimerEvent: {}
[123.467397] (-) TimerEvent: {}
[123.567779] (-) TimerEvent: {}
[123.668164] (-) TimerEvent: {}
[123.768552] (-) TimerEvent: {}
[123.868929] (-) TimerEvent: {}
[123.969288] (-) TimerEvent: {}
[124.069661] (-) TimerEvent: {}
[124.170043] (-) TimerEvent: {}
[124.270439] (-) TimerEvent: {}
[124.370836] (-) TimerEvent: {}
[124.471234] (-) TimerEvent: {}
[124.571625] (-) TimerEvent: {}
[124.672010] (-) TimerEvent: {}
[124.772401] (-) TimerEvent: {}
[124.872781] (-) TimerEvent: {}
[124.973174] (-) TimerEvent: {}
[125.073578] (-) TimerEvent: {}
[125.173976] (-) TimerEvent: {}
[125.274375] (-) TimerEvent: {}
[125.374764] (-) TimerEvent: {}
[125.475158] (-) TimerEvent: {}
[125.575552] (-) TimerEvent: {}
[125.675944] (-) TimerEvent: {}
[125.776283] (-) TimerEvent: {}
[125.876663] (-) TimerEvent: {}
[125.977052] (-) TimerEvent: {}
[126.077458] (-) TimerEvent: {}
[126.177847] (-) TimerEvent: {}
[126.278251] (-) TimerEvent: {}
[126.378636] (-) TimerEvent: {}
[126.479014] (-) TimerEvent: {}
[126.579413] (-) TimerEvent: {}
[126.679800] (-) TimerEvent: {}
[126.780186] (-) TimerEvent: {}
[126.880593] (-) TimerEvent: {}
[126.981018] (-) TimerEvent: {}
[127.081441] (-) TimerEvent: {}
[127.181820] (-) TimerEvent: {}
[127.282238] (-) TimerEvent: {}
[127.382604] (-) TimerEvent: {}
[127.482981] (-) TimerEvent: {}
[127.583376] (-) TimerEvent: {}
[127.683751] (-) TimerEvent: {}
[127.784138] (-) TimerEvent: {}
[127.884551] (-) TimerEvent: {}
[127.984925] (-) TimerEvent: {}
[128.085286] (-) TimerEvent: {}
[128.185659] (-) TimerEvent: {}
[128.286045] (-) TimerEvent: {}
[128.386452] (-) TimerEvent: {}
[128.486843] (-) TimerEvent: {}
[128.587238] (-) TimerEvent: {}
[128.687708] (-) TimerEvent: {}
[128.788088] (-) TimerEvent: {}
[128.888485] (-) TimerEvent: {}
[128.988871] (-) TimerEvent: {}
[129.089265] (-) TimerEvent: {}
[129.189641] (-) TimerEvent: {}
[129.290050] (-) TimerEvent: {}
[129.359824] (realsense2_camera) StdoutLine: {'line': b'[ 92%] \x1b[32mBuilding CXX object CMakeFiles/realsense2_camera.dir/src/ros_param_backend.cpp.o\x1b[0m\n'}
[129.360390] (realsense2_camera) StdoutLine: {'line': b'[ 96%] \x1b[32mBuilding CXX object CMakeFiles/realsense2_camera.dir/src/actions.cpp.o\x1b[0m\n'}
[129.390186] (-) TimerEvent: {}
[129.490602] (-) TimerEvent: {}
[129.590973] (-) TimerEvent: {}
[129.691357] (-) TimerEvent: {}
[129.791779] (-) TimerEvent: {}
[129.892156] (-) TimerEvent: {}
[129.992551] (-) TimerEvent: {}
[130.092923] (-) TimerEvent: {}
[130.193294] (-) TimerEvent: {}
[130.293875] (-) TimerEvent: {}
[130.394283] (-) TimerEvent: {}
[130.494691] (-) TimerEvent: {}
[130.595070] (-) TimerEvent: {}
[130.695463] (-) TimerEvent: {}
[130.795852] (-) TimerEvent: {}
[130.896402] (-) TimerEvent: {}
[130.996798] (-) TimerEvent: {}
[131.097187] (-) TimerEvent: {}
[131.200278] (-) TimerEvent: {}
[131.300668] (-) TimerEvent: {}
[131.401031] (-) TimerEvent: {}
[131.501420] (-) TimerEvent: {}
[131.601967] (-) TimerEvent: {}
[131.702366] (-) TimerEvent: {}
[131.802767] (-) TimerEvent: {}
[131.903160] (-) TimerEvent: {}
[132.003554] (-) TimerEvent: {}
[132.103932] (-) TimerEvent: {}
[132.204285] (-) TimerEvent: {}
[132.304658] (-) TimerEvent: {}
[132.405051] (-) TimerEvent: {}
[132.505442] (-) TimerEvent: {}
[132.605827] (-) TimerEvent: {}
[132.706221] (-) TimerEvent: {}
[132.806588] (-) TimerEvent: {}
[132.906976] (-) TimerEvent: {}
[133.007346] (-) TimerEvent: {}
[133.107716] (-) TimerEvent: {}
[133.208101] (-) TimerEvent: {}
[133.308500] (-) TimerEvent: {}
[133.408902] (-) TimerEvent: {}
[133.509289] (-) TimerEvent: {}
[133.609677] (-) TimerEvent: {}
[133.710060] (-) TimerEvent: {}
[133.810455] (-) TimerEvent: {}
[133.910872] (-) TimerEvent: {}
[134.011274] (-) TimerEvent: {}
[134.111674] (-) TimerEvent: {}
[134.212064] (-) TimerEvent: {}
[134.312459] (-) TimerEvent: {}
[134.412856] (-) TimerEvent: {}
[134.513260] (-) TimerEvent: {}
[134.613654] (-) TimerEvent: {}
[134.714053] (-) TimerEvent: {}
[134.814465] (-) TimerEvent: {}
[134.914863] (-) TimerEvent: {}
[135.015257] (-) TimerEvent: {}
[135.115708] (-) TimerEvent: {}
[135.216080] (-) TimerEvent: {}
[135.316830] (-) TimerEvent: {}
[135.418151] (-) TimerEvent: {}
[135.518699] (-) TimerEvent: {}
[135.619120] (-) TimerEvent: {}
[135.719583] (-) TimerEvent: {}
[135.819967] (-) TimerEvent: {}
[135.920360] (-) TimerEvent: {}
[136.020745] (-) TimerEvent: {}
[136.121136] (-) TimerEvent: {}
[136.221438] (-) TimerEvent: {}
[136.321764] (-) TimerEvent: {}
[136.422097] (-) TimerEvent: {}
[136.522406] (-) TimerEvent: {}
[136.622737] (-) TimerEvent: {}
[136.723073] (-) TimerEvent: {}
[136.823385] (-) TimerEvent: {}
[136.923718] (-) TimerEvent: {}
[137.024062] (-) TimerEvent: {}
[137.124409] (-) TimerEvent: {}
[137.224756] (-) TimerEvent: {}
[137.325116] (-) TimerEvent: {}
[137.425452] (-) TimerEvent: {}
[137.525769] (-) TimerEvent: {}
[137.626118] (-) TimerEvent: {}
[137.726433] (-) TimerEvent: {}
[137.826769] (-) TimerEvent: {}
[137.927114] (-) TimerEvent: {}
[138.027443] (-) TimerEvent: {}
[138.127770] (-) TimerEvent: {}
[138.228105] (-) TimerEvent: {}
[138.328428] (-) TimerEvent: {}
[138.428782] (-) TimerEvent: {}
[138.529186] (-) TimerEvent: {}
[138.629585] (-) TimerEvent: {}
[138.729949] (-) TimerEvent: {}
[138.830314] (-) TimerEvent: {}
[138.930689] (-) TimerEvent: {}
[139.031068] (-) TimerEvent: {}
[139.131407] (-) TimerEvent: {}
[139.231784] (-) TimerEvent: {}
[139.332160] (-) TimerEvent: {}
[139.432530] (-) TimerEvent: {}
[139.532891] (-) TimerEvent: {}
[139.633247] (-) TimerEvent: {}
[139.733614] (-) TimerEvent: {}
[139.833979] (-) TimerEvent: {}
[139.898123] (realsense2_camera) StdoutLine: {'line': b'[100%] \x1b[32m\x1b[1mLinking CXX shared library librealsense2_camera.so\x1b[0m\n'}
[139.934136] (-) TimerEvent: {}
[140.034474] (-) TimerEvent: {}
[140.134846] (-) TimerEvent: {}
[140.235228] (-) TimerEvent: {}
[140.335590] (-) TimerEvent: {}
[140.435983] (-) TimerEvent: {}
[140.536301] (-) TimerEvent: {}
[140.636691] (-) TimerEvent: {}
[140.699301] (realsense2_camera) StdoutLine: {'line': b'[100%] Built target realsense2_camera\n'}
[140.733737] (realsense2_camera) CommandEnded: {'returncode': 0}
[140.735079] (realsense2_camera) JobProgress: {'identifier': 'realsense2_camera', 'progress': 'install'}
[140.735686] (realsense2_camera) Command: {'cmd': ['/usr/bin/cmake', '--install', '/home/user/robocup_ws/build/realsense2_camera'], 'cwd': '/home/user/robocup_ws/build/realsense2_camera', 'env': OrderedDict([('LESSOPEN', '| /usr/bin/lesspipe %s'), ('USER', 'user'), ('LC_TIME', 'ko_KR.UTF-8'), ('XDG_SESSION_TYPE', 'wayland'), ('SHLVL', '1'), ('LD_LIBRARY_PATH', '/home/user/robocup_ws/install/realsense2_camera_msgs/lib:/opt/ros/humble/opt/rviz_ogre_vendor/lib:/opt/ros/humble/lib/x86_64-linux-gnu:/opt/ros/humble/lib:/usr/lib/x86_64-linux-gnu/gazebo-11/plugins:/usr/lib/x86_64-linux-gnu/gazebo-11/plugins:/usr/lib/x86_64-linux-gnu/gazebo-11/plugins'), ('HOME', '/home/user'), ('OLDPWD', '/home/user/robocup_ws/src'), ('DESKTOP_SESSION', 'ubuntu'), ('GAZEBO_MASTER_URI', 'http://localhost:11345'), ('ROS_PYTHON_VERSION', '3'), ('GNOME_SHELL_SESSION_MODE', 'ubuntu'), ('GTK_MODULES', 'gail:atk-bridge'), ('LC_MONETARY', 'ko_KR.UTF-8'), ('MANAGERPID', '914'), ('SYSTEMD_EXEC_PID', '1382'), ('DBUS_SESSION_BUS_ADDRESS', 'unix:path=/run/user/1000/bus'), ('COLORTERM', 'truecolor'), ('TERMINATOR_DBUS_NAME', 'net.tenshu.Terminator25ef4b219e3b005583550f2b0f9f990c3'), ('GIO_LAUNCHED_DESKTOP_FILE_PID', '50397'), ('IM_CONFIG_PHASE', '1'), ('WAYLAND_DISPLAY', 'wayland-0'), ('ROS_DISTRO', 'humble'), ('LOGNAME', 'user'), ('JOURNAL_STREAM', '8:12562'), ('_', '/usr/bin/colcon'), ('ROS_VERSION', '2'), ('XDG_SESSION_CLASS', 'user'), ('USERNAME', 'user'), ('TERM', 'xterm-256color'), ('GAZEBO_MODEL_PATH', '/usr/share/gazebo-11/models:/usr/share/gazebo-11/models:'), ('GNOME_DESKTOP_SESSION_ID', 'this-is-deprecated'), ('ROS_LOCALHOST_ONLY', '0'), ('OGRE_RESOURCE_PATH', '/usr/lib/x86_64-linux-gnu/OGRE-1.9.0'), ('PATH', '/opt/ros/humble/bin:/home/user/.local/bin:/usr/local/sbin:/usr/local/bin:/usr/sbin:/usr/bin:/sbin:/bin:/usr/games:/usr/local/games:/snap/bin:/snap/bin'), ('SESSION_MANAGER', 'local/user-15Z970-GA3HK:@/tmp/.ICE-unix/1044,unix/user-15Z970-GA3HK:/tmp/.ICE-unix/1044'), ('INVOCATION_ID', 'f2801b7b6e2f4da9938183836f083396'), ('XDG_MENU_PREFIX', 'gnome-'), ('LC_ADDRESS', 'ko_KR.UTF-8'), ('GNOME_SETUP_DISPLAY', ':1'), ('XDG_RUNTIME_DIR', '/run/user/1000'), ('DISPLAY', ':0'), ('TERMINATOR_DBUS_PATH', '/net/tenshu/Terminator2'), ('LANG', 'en_US.UTF-8'), ('XDG_CURRENT_DESKTOP', 'ubuntu:GNOME'), ('IBUS_DISABLE_SNOOPER', '1'), ('LC_TELEPHONE', 'ko_KR.UTF-8'), ('XMODIFIERS', '@im=ibus'), ('XDG_SESSION_DESKTOP', 'ubuntu'), ('XAUTHORITY', '/run/user/1000/.mutter-Xwaylandauth.5U12J3'), ('LS_COLORS', 'rs=0:di=01;34:ln=01;36:mh=00:pi=40;33:so=01;35:do=01;35:bd=40;33;01:cd=40;33;01:or=40;31;01:mi=00:su=37;41:sg=30;43:ca=30;41:tw=30;42:ow=34;42:st=37;44:ex=01;32:*.tar=01;31:*.tgz=01;31:*.arc=01;31:*.arj=01;31:*.taz=01;31:*.lha=01;31:*.lz4=01;31:*.lzh=01;31:*.lzma=01;31:*.tlz=01;31:*.txz=01;31:*.tzo=01;31:*.t7z=01;31:*.zip=01;31:*.z=01;31:*.dz=01;31:*.gz=01;31:*.lrz=01;31:*.lz=01;31:*.lzo=01;31:*.xz=01;31:*.zst=01;31:*.tzst=01;31:*.bz2=01;31:*.bz=01;31:*.tbz=01;31:*.tbz2=01;31:*.tz=01;31:*.deb=01;31:*.rpm=01;31:*.jar=01;31:*.war=01;31:*.ear=01;31:*.sar=01;31:*.rar=01;31:*.alz=01;31:*.ace=01;31:*.zoo=01;31:*.cpio=01;31:*.7z=01;31:*.rz=01;31:*.cab=01;31:*.wim=01;31:*.swm=01;31:*.dwm=01;31:*.esd=01;31:*.jpg=01;35:*.jpeg=01;35:*.mjpg=01;35:*.mjpeg=01;35:*.gif=01;35:*.bmp=01;35:*.pbm=01;35:*.pgm=01;35:*.ppm=01;35:*.tga=01;35:*.xbm=01;35:*.xpm=01;35:*.tif=01;35:*.tiff=01;35:*.png=01;35:*.svg=01;35:*.svgz=01;35:*.mng=01;35:*.pcx=01;35:*.mov=01;35:*.mpg=01;35:*.mpeg=01;35:*.m2v=01;35:*.mkv=01;35:*.webm=01;35:*.webp=01;35:*.ogm=01;35:*.mp4=01;35:*.m4v=01;35:*.mp4v=01;35:*.vob=01;35:*.qt=01;35:*.nuv=01;35:*.wmv=01;35:*.asf=01;35:*.rm=01;35:*.rmvb=01;35:*.flc=01;35:*.avi=01;35:*.fli=01;35:*.flv=01;35:*.gl=01;35:*.dl=01;35:*.xcf=01;35:*.xwd=01;35:*.yuv=01;35:*.cgm=01;35:*.emf=01;35:*.ogv=01;35:*.ogx=01;35:*.aac=00;36:*.au=00;36:*.flac=00;36:*.m4a=00;36:*.mid=00;36:*.midi=00;36:*.mka=00;36:*.mp3=00;36:*.mpc=00;36:*.ogg=00;36:*.ra=00;36:*.wav=00;36:*.oga=00;36:*.opus=00;36:*.spx=00;36:*.xspf=00;36:'), ('SSH_AGENT_LAUNCHER', 'gnome-keyring'), ('SSH_AUTH_SOCK', '/run/user/1000/keyring/ssh'), ('ROS_DOMAIN_ID', '35'), ('AMENT_PREFIX_PATH', '/home/user/robocup_ws/install/realsense2_camera_msgs:/opt/ros/humble'), ('SHELL', '/bin/bash'), ('LC_NAME', 'ko_KR.UTF-8'), ('TERMINATOR_UUID', 'urn:uuid:87b7c693-7af3-489e-af03-8fb9beab4f2f'), ('QT_ACCESSIBILITY', '1'), ('GDMSESSION', 'ubuntu'), ('LESSCLOSE', '/usr/bin/lesspipe %s %s'), ('LC_MEASUREMENT', 'ko_KR.UTF-8'), ('GAZEBO_RESOURCE_PATH', '/usr/share/gazebo-11:/usr/share/gazebo-11:'), ('LC_IDENTIFICATION', 'ko_KR.UTF-8'), ('GAZEBO_MODEL_DATABASE_URI', 'http://models.gazebosim.org'), ('QT_IM_MODULE', 'ibus'), ('PWD', '/home/user/robocup_ws/build/realsense2_camera'), ('LC_ALL', 'en_US.UTF-8'), ('XDG_CONFIG_DIRS', '/etc/xdg/xdg-ubuntu:/etc/xdg'), ('GAZEBO_PLUGIN_PATH', '/usr/lib/x86_64-linux-gnu/gazebo-11/plugins:/usr/lib/x86_64-linux-gnu/gazebo-11/plugins:'), ('XDG_DATA_DIRS', '/usr/share/ubuntu:/usr/local/share/:/usr/share/:/var/lib/snapd/desktop'), ('PYTHONPATH', '/home/user/robocup_ws/install/realsense2_camera_msgs/local/lib/python3.10/dist-packages:/opt/ros/humble/lib/python3.10/site-packages:/opt/ros/humble/local/lib/python3.10/dist-packages'), ('LC_NUMERIC', 'ko_KR.UTF-8'), ('LC_PAPER', 'ko_KR.UTF-8'), ('COLCON', '1'), ('VTE_VERSION', '6800'), ('CMAKE_PREFIX_PATH', '/home/user/robocup_ws/install/realsense2_camera_msgs:/opt/ros/humble')]), 'shell': False}
[140.737402] (-) TimerEvent: {}
[140.749664] (realsense2_camera) StdoutLine: {'line': b'-- Install configuration: "Release"\n'}
[140.750998] (realsense2_camera) StdoutLine: {'line': b'-- Execute custom install script\n'}
[140.751507] (realsense2_camera) StdoutLine: {'line': b'-- Symlinking: /home/user/robocup_ws/install/realsense2_camera/share/realsense2_camera/config/global_settings.yaml\n'}
[140.765275] (realsense2_camera) StdoutLine: {'line': b'-- Symlinking: /home/user/robocup_ws/install/realsense2_camera/lib/realsense2_camera/realsense2_camera_node\n'}
[140.778185] (realsense2_camera) StdoutLine: {'line': b'-- Symlinking: /home/user/robocup_ws/install/realsense2_camera/lib/librealsense2_camera.so\n'}
[140.792361] (realsense2_camera) StdoutLine: {'line': b'-- Symlinking: /home/user/robocup_ws/install/realsense2_camera/include/align_depth_filter.h\n'}
[140.804842] (realsense2_camera) StdoutLine: {'line': b'-- Symlinking: /home/user/robocup_ws/install/realsense2_camera/include/base_realsense_node.h\n'}
[140.817387] (realsense2_camera) StdoutLine: {'line': b'-- Symlinking: /home/user/robocup_ws/install/realsense2_camera/include/constants.h\n'}
[140.829799] (realsense2_camera) StdoutLine: {'line': b'-- Symlinking: /home/user/robocup_ws/install/realsense2_camera/include/dynamic_params.h\n'}
[140.837542] (-) TimerEvent: {}
[140.842647] (realsense2_camera) StdoutLine: {'line': b'-- Symlinking: /home/user/robocup_ws/install/realsense2_camera/include/gl_window.h\n'}
[140.855594] (realsense2_camera) StdoutLine: {'line': b'-- Symlinking: /home/user/robocup_ws/install/realsense2_camera/include/image_publisher.h\n'}
[140.868802] (realsense2_camera) StdoutLine: {'line': b'-- Symlinking: /home/user/robocup_ws/install/realsense2_camera/include/named_filter.h\n'}
[140.881908] (realsense2_camera) StdoutLine: {'line': b'-- Symlinking: /home/user/robocup_ws/install/realsense2_camera/include/pointcloud_filter.h\n'}
[140.894631] (realsense2_camera) StdoutLine: {'line': b'-- Symlinking: /home/user/robocup_ws/install/realsense2_camera/include/profile_manager.h\n'}
[140.907453] (realsense2_camera) StdoutLine: {'line': b'-- Symlinking: /home/user/robocup_ws/install/realsense2_camera/include/realsense_node_factory.h\n'}
[140.919956] (realsense2_camera) StdoutLine: {'line': b'-- Symlinking: /home/user/robocup_ws/install/realsense2_camera/include/ros_node_base.h\n'}
[140.932794] (realsense2_camera) StdoutLine: {'line': b'-- Symlinking: /home/user/robocup_ws/install/realsense2_camera/include/ros_param_backend.h\n'}
[140.937683] (-) TimerEvent: {}
[140.945390] (realsense2_camera) StdoutLine: {'line': b'-- Symlinking: /home/user/robocup_ws/install/realsense2_camera/include/ros_sensor.h\n'}
[140.958229] (realsense2_camera) StdoutLine: {'line': b'-- Symlinking: /home/user/robocup_ws/install/realsense2_camera/include/ros_utils.h\n'}
[140.971639] (realsense2_camera) StdoutLine: {'line': b'-- Symlinking: /home/user/robocup_ws/install/realsense2_camera/include/sensor_params.h\n'}
[140.990564] (realsense2_camera) StdoutLine: {'line': b'-- Symlinking: /home/user/robocup_ws/install/realsense2_camera/share/realsense2_camera/launch/default.rviz\n'}
[141.003263] (realsense2_camera) StdoutLine: {'line': b'-- Symlinking: /home/user/robocup_ws/install/realsense2_camera/share/realsense2_camera/launch/rs_intra_process_demo_launch.py\n'}
[141.015994] (realsense2_camera) StdoutLine: {'line': b'-- Symlinking: /home/user/robocup_ws/install/realsense2_camera/share/realsense2_camera/launch/rs_launch.py\n'}
[141.028622] (realsense2_camera) StdoutLine: {'line': b'-- Symlinking: /home/user/robocup_ws/install/realsense2_camera/share/realsense2_camera/launch/rs_multi_camera_launch.py\n'}
[141.037829] (-) TimerEvent: {}
[141.041290] (realsense2_camera) StdoutLine: {'line': b'-- Symlinking: /home/user/robocup_ws/install/realsense2_camera/share/realsense2_camera/launch/rs_multi_camera_launch_sync.py\n'}
[141.057443] (realsense2_camera) StdoutLine: {'line': b'-- Symlinking: /home/user/robocup_ws/install/realsense2_camera/share/realsense2_camera/examples/align_depth/README.md\n'}
[141.070891] (realsense2_camera) StdoutLine: {'line': b'-- Symlinking: /home/user/robocup_ws/install/realsense2_camera/share/realsense2_camera/examples/align_depth/rs_align_depth_launch.py\n'}
[141.083865] (realsense2_camera) StdoutLine: {'line': b'-- Symlinking: /home/user/robocup_ws/install/realsense2_camera/share/realsense2_camera/examples/d500_tables/calib_config_example.json\n'}
[141.096509] (realsense2_camera) StdoutLine: {'line': b'-- Symlinking: /home/user/robocup_ws/install/realsense2_camera/share/realsense2_camera/examples/dual_camera/README.md\n'}
[141.109083] (realsense2_camera) StdoutLine: {'line': b'-- Symlinking: /home/user/robocup_ws/install/realsense2_camera/share/realsense2_camera/examples/dual_camera/rs_dual_camera_launch.py\n'}
[141.121518] (realsense2_camera) StdoutLine: {'line': b'-- Symlinking: /home/user/robocup_ws/install/realsense2_camera/share/realsense2_camera/examples/dual_camera/rviz/dual_camera_pointcloud.rviz\n'}
[141.134247] (realsense2_camera) StdoutLine: {'line': b'-- Symlinking: /home/user/robocup_ws/install/realsense2_camera/share/realsense2_camera/examples/launch_from_rosbag/README.md\n'}
[141.137972] (-) TimerEvent: {}
[141.147054] (realsense2_camera) StdoutLine: {'line': b'-- Symlinking: /home/user/robocup_ws/install/realsense2_camera/share/realsense2_camera/examples/launch_from_rosbag/rs_launch_from_rosbag.py\n'}
[141.159946] (realsense2_camera) StdoutLine: {'line': b'-- Symlinking: /home/user/robocup_ws/install/realsense2_camera/share/realsense2_camera/examples/launch_params_from_file/README.md\n'}
[141.173307] (realsense2_camera) StdoutLine: {'line': b'-- Symlinking: /home/user/robocup_ws/install/realsense2_camera/share/realsense2_camera/examples/launch_params_from_file/config/config.yaml\n'}
[141.186372] (realsense2_camera) StdoutLine: {'line': b'-- Symlinking: /home/user/robocup_ws/install/realsense2_camera/share/realsense2_camera/examples/launch_params_from_file/rs_launch_get_params_from_yaml.py\n'}
[141.199140] (realsense2_camera) StdoutLine: {'line': b'-- Symlinking: /home/user/robocup_ws/install/realsense2_camera/share/realsense2_camera/examples/pointcloud/README.md\n'}
[141.211803] (realsense2_camera) StdoutLine: {'line': b'-- Symlinking: /home/user/robocup_ws/install/realsense2_camera/share/realsense2_camera/examples/pointcloud/rs_d405_pointcloud_launch.py\n'}
[141.224514] (realsense2_camera) StdoutLine: {'line': b'-- Symlinking: /home/user/robocup_ws/install/realsense2_camera/share/realsense2_camera/examples/pointcloud/rs_d455_pointcloud_launch.py\n'}
[141.237320] (realsense2_camera) StdoutLine: {'line': b'-- Symlinking: /home/user/robocup_ws/install/realsense2_camera/share/realsense2_camera/examples/pointcloud/rs_pointcloud_infra_launch.py\n'}
[141.238094] (-) TimerEvent: {}
[141.249933] (realsense2_camera) StdoutLine: {'line': b'-- Symlinking: /home/user/robocup_ws/install/realsense2_camera/share/realsense2_camera/examples/pointcloud/rs_pointcloud_launch.py\n'}
[141.262953] (realsense2_camera) StdoutLine: {'line': b'-- Symlinking: /home/user/robocup_ws/install/realsense2_camera/share/realsense2_camera/examples/pointcloud/rviz/pointcloud.rviz\n'}
[141.275786] (realsense2_camera) StdoutLine: {'line': b'-- Symlinking: /home/user/robocup_ws/install/realsense2_camera/share/realsense2_camera/examples/pointcloud/rviz/urdf_pointcloud.rviz\n'}
[141.289286] (realsense2_camera) StdoutLine: {'line': b'-- Symlinking: /home/user/robocup_ws/install/realsense2_camera/share/realsense2_camera/environment/library_path.sh\n'}
[141.301756] (realsense2_camera) StdoutLine: {'line': b'-- Symlinking: /home/user/robocup_ws/install/realsense2_camera/share/realsense2_camera/environment/library_path.dsv\n'}
[141.314649] (realsense2_camera) StdoutLine: {'line': b'-- Symlinking: /home/user/robocup_ws/install/realsense2_camera/share/ament_index/resource_index/package_run_dependencies/realsense2_camera\n'}
[141.327369] (realsense2_camera) StdoutLine: {'line': b'-- Symlinking: /home/user/robocup_ws/install/realsense2_camera/share/ament_index/resource_index/parent_prefix_path/realsense2_camera\n'}
[141.338231] (-) TimerEvent: {}
[141.340282] (realsense2_camera) StdoutLine: {'line': b'-- Symlinking: /home/user/robocup_ws/install/realsense2_camera/share/realsense2_camera/environment/ament_prefix_path.sh\n'}
[141.352925] (realsense2_camera) StdoutLine: {'line': b'-- Symlinking: /home/user/robocup_ws/install/realsense2_camera/share/realsense2_camera/environment/ament_prefix_path.dsv\n'}
[141.365890] (realsense2_camera) StdoutLine: {'line': b'-- Symlinking: /home/user/robocup_ws/install/realsense2_camera/share/realsense2_camera/environment/path.sh\n'}
[141.379165] (realsense2_camera) StdoutLine: {'line': b'-- Symlinking: /home/user/robocup_ws/install/realsense2_camera/share/realsense2_camera/environment/path.dsv\n'}
[141.392207] (realsense2_camera) StdoutLine: {'line': b'-- Symlinking: /home/user/robocup_ws/install/realsense2_camera/share/realsense2_camera/local_setup.bash\n'}
[141.404774] (realsense2_camera) StdoutLine: {'line': b'-- Symlinking: /home/user/robocup_ws/install/realsense2_camera/share/realsense2_camera/local_setup.sh\n'}
[141.417337] (realsense2_camera) StdoutLine: {'line': b'-- Symlinking: /home/user/robocup_ws/install/realsense2_camera/share/realsense2_camera/local_setup.zsh\n'}
[141.429856] (realsense2_camera) StdoutLine: {'line': b'-- Symlinking: /home/user/robocup_ws/install/realsense2_camera/share/realsense2_camera/local_setup.dsv\n'}
[141.438343] (-) TimerEvent: {}
[141.442708] (realsense2_camera) StdoutLine: {'line': b'-- Symlinking: /home/user/robocup_ws/install/realsense2_camera/share/realsense2_camera/package.dsv\n'}
[141.456054] (realsense2_camera) StdoutLine: {'line': b'-- Symlinking: /home/user/robocup_ws/install/realsense2_camera/share/ament_index/resource_index/packages/realsense2_camera\n'}
[141.468906] (realsense2_camera) StdoutLine: {'line': b'-- Symlinking: /home/user/robocup_ws/install/realsense2_camera/share/ament_index/resource_index/rclcpp_components/realsense2_camera\n'}
[141.487750] (realsense2_camera) StdoutLine: {'line': b'-- Symlinking: /home/user/robocup_ws/install/realsense2_camera/share/realsense2_camera/cmake/ament_cmake_export_include_directories-extras.cmake\n'}
[141.500176] (realsense2_camera) StdoutLine: {'line': b'-- Symlinking: /home/user/robocup_ws/install/realsense2_camera/share/realsense2_camera/cmake/ament_cmake_export_libraries-extras.cmake\n'}
[141.512672] (realsense2_camera) StdoutLine: {'line': b'-- Symlinking: /home/user/robocup_ws/install/realsense2_camera/share/realsense2_camera/cmake/ament_cmake_export_dependencies-extras.cmake\n'}
[141.525412] (realsense2_camera) StdoutLine: {'line': b'-- Symlinking: /home/user/robocup_ws/install/realsense2_camera/share/realsense2_camera/cmake/realsense2_cameraConfig.cmake\n'}
[141.537779] (realsense2_camera) StdoutLine: {'line': b'-- Symlinking: /home/user/robocup_ws/install/realsense2_camera/share/realsense2_camera/cmake/realsense2_cameraConfig-version.cmake\n'}
[141.538423] (-) TimerEvent: {}
[141.550614] (realsense2_camera) StdoutLine: {'line': b'-- Symlinking: /home/user/robocup_ws/install/realsense2_camera/share/realsense2_camera/package.xml\n'}
[141.566206] (realsense2_camera) CommandEnded: {'returncode': 0}
[141.594550] (realsense2_camera) JobEnded: {'identifier': 'realsense2_camera', 'rc': 0}
[141.595846] (-) EventReactorShutdown: {}
